0,1,2,3,4,5,6,7,8,9,10,11,12,13,14,15,16,17,18,19,20,21,22,23,24,25,26,27,28,29,30,31,32,33,34,35,36,37,38,39
0.020752735,0.14815904,0.021997808,0.81005746,0.5217236,1026.0245,1087.6475,0.040585503,0.054372653,0.010541862,0.031676535,0.11797793,0.01384815,0.8612042,-0.00083649193,0.0,0.0,0.0,0.0,0.0,0.0,0.0,0.0,0.0,0.0,0.0,0.0,0.0,0.0,0.0,0.0,0.0,0.0,0.0,0.0,0.0,0.0,0.0,0.0,0.0
-0.0156489,0.1087466,0.034978013,0.82710224,0.5312744,744.85315,786.67303,0.005119237,0.051924743,0.0079147685,0.0136357825,0.07180209,0.0025811107,1.5184706,0.0030518735,0.0,0.0,0.0,0.0,0.0,0.0,0.0,0.0,0.0,0.0,0.0,0.0,0.0,0.0,0.0,0.0,0.0,0.0,0.0,0.0,0.0,0.0,0.0,0.0,0.0
0.015072198,0.14350855,0.04458301,0.75953597,0.35800847,1906.6805,836.41077,0.02579664,0.04062508,0.006497272,0.0328903,0.050788958,0.033694893,1.0400752,0.00072962436,0.0,0.0,0.0,0.0,0.0,0.0,0.0,0.0,0.0,0.0,0.0,0.0,0.0,0.0,0.0,0.0,0.0,0.0,0.0,0.0,0.0,0.0,0.0,0.0,0.0
-0.0061874427,0.16434544,0.046904575,0.6829359,0.31774828,1148.2134,202.9353,0.031794954,0.026109742,0.006197063,0.03175648,0.0283276,0.03469318,1.3326826,0.0012501728,0.0,0.0,0.0,0.0,0.0,0.0,0.0,0.0,0.0,0.0,0.0,0.0,0.0,0.0,0.0,0.0,0.0,0.0,0.0,0.0,0.0,0.0,0.0,0.0,0.0
0.010531202,0.123421535,0.043960523,0.8282657,0.41001287,846.25604,969.62354,0.0007819764,0.106717154,0.01917576,0.06332741,0.07891376,0.023777338,0.64438003,0.0013969939,0.0,0.0,0.0,0.0,0.0,0.0,0.0,0.0,0.0,0.0,0.0,0.0,0.0,0.0,0.0,0.0,0.0,0.0,0.0,0.0,0.0,0.0,0.0,0.0,0.0
0.018206533,0.12338654,0.018464524,0.6806471,0.16963953,1043.0178,1364.4,0.014549843,0.053268325,0.011621678,0.005745977,0.020187374,0.027043898,0.4702008,0.004287326,0.0,0.0,0.0,0.0,0.0,0.0,0.0,0.0,0.0,0.0,0.0,0.0,0.0,0.0,0.0,0.0,0.0,0.0,0.0,0.0,0.0,0.0,0.0,0.0,0.0
0.036216516,0.10322391,0.03169552,1.0812846,0.61590767,1541.9824,1329.8678,-0.0021133088,0.024468735,0.014986239,0.0718222,0.061099216,0.018430037,1.9355192,0.0015823157,0.0,0.0,0.0,0.0,0.0,0.0,0.0,0.0,0.0,0.0,0.0,0.0,0.0,0.0,0.0,0.0,0.0,0.0,0.0,0.0,0.0,0.0,0.0,0.0,0.0
0.023607919,0.163835,0.03329195,0.70961237,0.327625,750.90936,547.0222,0.026398018,0.041288912,0.008281882,0.053518493,0.07106854,0.025372231,1.0912043,0.0006334647,0.0,0.0,0.0,0.0,0.0,0.0,0.0,0.0,0.0,0.0,0.0,0.0,0.0,0.0,0.0,0.0,0.0,0.0,0.0,0.0,0.0,0.0,0.0,0.0,0.0
0.0009082794,0.10087442,0.010782004,0.83776057,0.48636246,869.5742,1922.8075,0.015668036,0.035190675,0.012884365,0.05653923,0.042780306,0.018857481,1.9602225,0.0008771674,0.0,0.0,0.0,0.0,0.0,0.0,0.0,0.0,0.0,0.0,0.0,0.0,0.0,0.0,0.0,0.0,0.0,0.0,0.0,0.0,0.0,0.0,0.0,0.0,0.0
0.040016152,0.16353208,0.039791655,0.9076458,0.48409462,967.0964,1339.5284,0.0040780883,0.03564362,0.0055385055,0.039382957,0.050755206,0.026397286,0.79282415,0.0006698827,0.0,0.0,0.0,0.0,0.0,0.0,0.0,0.0,0.0,0.0,0.0,0.0,0.0,0.0,0.0,0.0,0.0,0.0,0.0,0.0,0.0,0.0,0.0,0.0,0.0
0.0016503503,0.14046623,0.04239283,0.8284445,0.49954772,342.19876,531.9436,0.024179813,0.029069029,0.012977778,0.0076528047,0.004111053,0.003813396,0.056006923,3.7099107e-05,0.0,0.0,0.0,0.0,0.0,0.0,0.0,0.0,0.0,0.0,0.0,0.0,0.0,0.0,0.0,0.0,0.0,0.0,0.0,0.0,0.0,0.0,0.0,0.0,0.0
0.040026672,0.1272925,0.016682265,0.90255594,0.50969356,978.7421,1248.9747,0.008754165,0.048771136,0.019800913,0.0278337,0.056950286,0.007985633,0.6450073,0.0009862275,0.0,0.0,0.0,0.0,0.0,0.0,0.0,0.0,0.0,0.0,0.0,0.0,0.0,0.0,0.0,0.0,0.0,0.0,0.0,0.0,0.0,0.0,0.0,0.0,0.0
0.014591026,0.07837775,0.03247877,0.84121484,0.6374011,1627.3392,926.11707,0.011914475,0.055912275,0.015564276,0.019054137,0.054953165,0.03182172,1.1314127,0.0011779518,0.0,0.0,0.0,0.0,0.0,0.0,0.0,0.0,0.0,0.0,0.0,0.0,0.0,0.0,0.0,0.0,0.0,0.0,0.0,0.0,0.0,0.0,0.0,0.0,0.0
0.02051389,0.12352398,0.022293918,0.8021759,0.18468127,1269.8522,746.1253,0.0076874634,0.0487528,0.0070445067,0.034834545,0.071194515,0.014740783,1.1486303,-0.00022683451,0.0,0.0,0.0,0.0,0.0,0.0,0.0,0.0,0.0,0.0,0.0,0.0,0.0,0.0,0.0,0.0,0.0,0.0,0.0,0.0,0.0,0.0,0.0,0.0,0.0
0.02998627,0.113466814,0.0367277,0.7040985,0.7298629,820.97766,1018.6155,0.017117372,0.0346007,0.014129499,0.01684395,0.0228661,0.03188648,0.9686974,0.002683369,0.0,0.0,0.0,0.0,0.0,0.0,0.0,0.0,0.0,0.0,0.0,0.0,0.0,0.0,0.0,0.0,0.0,0.0,0.0,0.0,0.0,0.0,0.0,0.0,0.0
0.0029182436,0.16029176,0.034047794,0.76029986,0.7028111,1010.408,672.9824,0.0075590084,0.032829113,0.013394497,0.032341003,0.06890395,0.01322686,1.2352831,0.0020637738,0.0,0.0,0.0,0.0,0.0,0.0,0.0,0.0,0.0,0.0,0.0,0.0,0.0,0.0,0.0,0.0,0.0,0.0,0.0,0.0,0.0,0.0,0.0,0.0,0.0
-0.0058686063,0.10295319,0.0152488,0.888743,0.3953804,451.7267,996.4622,0.0156118665,0.055618268,0.011049632,0.020222867,0.050885465,0.02992259,1.4031281,0.0019340451,0.0,0.0,0.0,0.0,0.0,0.0,0.0,0.0,0.0,0.0,0.0,0.0,0.0,0.0,0.0,0.0,0.0,0.0,0.0,0.0,0.0,0.0,0.0,0.0,0.0
0.0054437234,0.1312737,0.02064434,0.7717349,0.82112515,1188.9442,1083.4258,0.039399177,0.050392136,0.0143602155,0.018928051,0.011908363,0.02705046,0.8258666,0.0025484934,0.0,0.0,0.0,0.0,0.0,0.0,0.0,0.0,0.0,0.0,0.0,0.0,0.0,0.0,0.0,0.0,0.0,0.0,0.0,0.0,0.0,0.0,0.0,0.0,0.0
-0.007073833,0.1378711,0.055920895,0.8554204,0.5095656,1053.5294,713.7311,0.02672696,0.050232388,0.007713046,0.044402957,0.095897935,0.03094437,0.73184246,0.0013104203,0.0,0.0,0.0,0.0,0.0,0.0,0.0,0.0,0.0,0.0,0.0,0.0,0.0,0.0,0.0,0.0,0.0,0.0,0.0,0.0,0.0,0.0,0.0,0.0,0.0
-0.02540978,0.1570826,0.045881387,0.7145917,0.6925974,233.43542,1279.6237,0.014996327,0.04544837,0.008316028,0.016773203,0.093980454,0.020947656,0.6719711,0.0015181727,0.0,0.0,0.0,0.0,0.0,0.0,0.0,0.0,0.0,0.0,0.0,0.0,0.0,0.0,0.0,0.0,0.0,0.0,0.0,0.0,0.0,0.0,0.0,0.0,0.0
0.026627474,0.15803075,0.03638085,0.9221766,0.4272741,172.91554,1360.5919,0.020253861,0.048826113,0.0007554254,0.05553156,0.05076182,0.0074538905,0.8565908,0.0026010473,0.0,0.0,0.0,0.0,0.0,0.0,0.0,0.0,0.0,0.0,0.0,0.0,0.0,0.0,0.0,0.0,0.0,0.0,0.0,0.0,0.0,0.0,0.0,0.0,0.0
0.035415765,0.14196295,0.03897435,0.9086543,0.37222937,825.41766,749.30426,0.03663333,0.0663943,0.0020320967,0.048516102,0.055703495,0.015595845,1.4324354,0.0001212765,0.0,0.0,0.0,0.0,0.0,0.0,0.0,0.0,0.0,0.0,0.0,0.0,0.0,0.0,0.0,0.0,0.0,0.0,0.0,0.0,0.0,0.0,0.0,0.0,0.0
0.021590602,0.06729456,0.025606932,0.76502687,0.25489816,1446.7103,1122.3826,0.011976589,0.051952943,0.0024075534,0.020695819,0.052102316,0.016456163,0.99334216,0.0007974885,0.0,0.0,0.0,0.0,0.0,0.0,0.0,0.0,0.0,0.0,0.0,0.0,0.0,0.0,0.0,0.0,0.0,0.0,0.0,0.0,0.0,0.0,0.0,0.0,0.0
-0.0008715955,0.124045804,0.02428801,0.6128135,0.3856082,1624.7275,1095.0552,0.024220515,0.007821279,0.00522574,0.027199965,0.047661416,0.00267677,1.232529,-0.0003613712,0.0,0.0,0.0,0.0,0.0,0.0,0.0,0.0,0.0,0.0,0.0,0.0,0.0,0.0,0.0,0.0,0.0,0.0,0.0,0.0,0.0,0.0,0.0,0.0,0.0
0.0003226578,0.13645281,0.023302427,0.851795,0.64961636,1301.2974,1122.7244,0.036406346,0.0028523144,0.008054069,-0.0024820175,0.051816594,0.005765189,1.000224,0.00028600884,0.0,0.0,0.0,0.0,0.0,0.0,0.0,0.0,0.0,0.0,0.0,0.0,0.0,0.0,0.0,0.0,0.0,0.0,0.0,0.0,0.0,0.0,0.0,0.0,0.0
0.037044924,0.14283782,0.026329843,0.8020549,0.56016266,1082.4386,795.5745,0.002759982,0.069498055,0.011088599,0.029414676,0.07080978,0.024364531,1.6397737,0.0017945018,0.0,0.0,0.0,0.0,0.0,0.0,0.0,0.0,0.0,0.0,0.0,0.0,0.0,0.0,0.0,0.0,0.0,0.0,0.0,0.0,0.0,0.0,0.0,0.0,0.0
0.039603956,0.14641257,0.035735924,1.0171136,0.33350655,309.16052,1018.9533,0.029024586,0.048419412,0.020305878,0.009558443,0.059318487,0.014653835,0.047085114,0.00020117608,0.0,0.0,0.0,0.0,0.0,0.0,0.0,0.0,0.0,0.0,0.0,0.0,0.0,0.0,0.0,0.0,0.0,0.0,0.0,0.0,0.0,0.0,0.0,0.0,0.0
0.011232949,0.12473729,0.025956633,0.6117287,0.6602616,1260.0083,749.3751,0.012500587,0.06828584,0.00663318,0.06600813,0.043613352,0.036149118,1.9516808,0.0015248677,0.0,0.0,0.0,0.0,0.0,0.0,0.0,0.0,0.0,0.0,0.0,0.0,0.0,0.0,0.0,0.0,0.0,0.0,0.0,0.0,0.0,0.0,0.0,0.0,0.0
0.043332,0.090899296,0.029722491,0.73735225,0.6633873,939.3862,592.60583,0.032847293,0.040785357,0.0085864635,0.049917236,0.052643735,0.014796539,0.7583442,-0.00021815415,0.0,0.0,0.0,0.0,0.0,0.0,0.0,0.0,0.0,0.0,0.0,0.0,0.0,0.0,0.0,0.0,0.0,0.0,0.0,0.0,0.0,0.0,0.0,0.0,0.0
0.0027277365,0.15301935,0.013910809,0.8782173,0.4711829,538.4957,1289.3348,-0.003307187,0.032686494,0.012870674,0.033917025,0.05407413,0.013223109,1.1603984,0.0021057695,0.0,0.0,0.0,0.0,0.0,0.0,0.0,0.0,0.0,0.0,0.0,0.0,0.0,0.0,0.0,0.0,0.0,0.0,0.0,0.0,0.0,0.0,0.0,0.0,0.0
0.009684661,0.118874565,0.028823929,0.79559577,0.61555123,943.22003,503.76843,0.020553298,0.06828682,0.0064936522,0.034900147,0.05889365,0.021632778,1.1996825,2.0787147e-05,0.0,0.0,0.0,0.0,0.0,0.0,0.0,0.0,0.0,0.0,0.0,0.0,0.0,0.0,0.0,0.0,0.0,0.0,0.0,0.0,0.0,0.0,0.0,0.0,0.0
-0.0066476576,0.104217075,0.038345937,0.6040894,0.6062835,-276.77444,626.3063,0.025086302,-0.015408234,0.009281069,0.0063745673,0.05743213,0.027053207,0.97965324,0.0038817467,0.0,0.0,0.0,0.0,0.0,0.0,0.0,0.0,0.0,0.0,0.0,0.0,0.0,0.0,0.0,0.0,0.0,0.0,0.0,0.0,0.0,0.0,0.0,0.0,0.0
-0.021483986,0.11289872,0.03308317,0.7857845,0.56983095,781.68164,1195.9808,0.01786087,0.06330339,0.008789788,0.05599991,0.06683103,0.009708208,1.1891906,-0.00062866916,0.0,0.0,0.0,0.0,0.0,0.0,0.0,0.0,0.0,0.0,0.0,0.0,0.0,0.0,0.0,0.0,0.0,0.0,0.0,0.0,0.0,0.0,0.0,0.0,0.0
0.0019975537,0.12346153,0.026789507,0.9382736,0.39105028,1088.8767,1253.2112,0.017687995,0.023537556,0.014778461,0.02467427,0.031268865,0.01985801,1.5676957,-0.0014567906,0.0,0.0,0.0,0.0,0.0,0.0,0.0,0.0,0.0,0.0,0.0,0.0,0.0,0.0,0.0,0.0,0.0,0.0,0.0,0.0,0.0,0.0,0.0,0.0,0.0
-0.0022166572,0.15411559,0.04266647,0.78964937,0.45456493,111.89395,876.8177,0.023770686,0.023862138,0.009683221,0.00869336,0.04562064,0.020687288,0.8352137,-0.00012701406,0.0,0.0,0.0,0.0,0.0,0.0,0.0,0.0,0.0,0.0,0.0,0.0,0.0,0.0,0.0,0.0,0.0,0.0,0.0,0.0,0.0,0.0,0.0,0.0,0.0
0.008831424,0.11358365,0.015255656,0.8885987,0.5068802,1291.6465,1058.6921,0.024072206,0.032566354,0.014647392,0.011478743,0.08732112,0.025167497,0.975707,-0.0001980622,0.0,0.0,0.0,0.0,0.0,0.0,0.0,0.0,0.0,0.0,0.0,0.0,0.0,0.0,0.0,0.0,0.0,0.0,0.0,0.0,0.0,0.0,0.0,0.0,0.0
0.033632323,0.120979704,0.018480036,0.936956,0.64876276,1479.8445,729.67084,0.01794533,0.046237815,0.0046237814,0.025052732,0.05180753,0.008783927,1.4020296,0.0024533474,0.0,0.0,0.0,0.0,0.0,0.0,0.0,0.0,0.0,0.0,0.0,0.0,0.0,0.0,0.0,0.0,0.0,0.0,0.0,0.0,0.0,0.0,0.0,0.0,0.0
0.0100295795,0.14722037,0.00826128,0.8286984,0.54107845,964.802,1576.2405,0.026573319,0.03693366,0.0070698797,0.020858377,0.039126236,0.026681375,1.3376237,0.0011293252,0.0,0.0,0.0,0.0,0.0,0.0,0.0,0.0,0.0,0.0,0.0,0.0,0.0,0.0,0.0,0.0,0.0,0.0,0.0,0.0,0.0,0.0,0.0,0.0,0.0
0.024317455,0.14073585,0.030604374,0.87433404,0.436879,436.36615,793.48285,0.041549437,0.05743323,0.008811542,-0.00021702606,0.07423561,0.006824622,0.5426754,0.0014132515,0.0,0.0,0.0,0.0,0.0,0.0,0.0,0.0,0.0,0.0,0.0,0.0,0.0,0.0,0.0,0.0,0.0,0.0,0.0,0.0,0.0,0.0,0.0,0.0,0.0
0.0043622763,0.0852274,0.049408443,0.58760405,0.39630646,966.7847,798.4484,0.026974155,0.04391307,0.007301642,0.03095521,0.07310194,0.017703036,1.5984079,-0.0006437969,0.0,0.0,0.0,0.0,0.0,0.0,0.0,0.0,0.0,0.0,0.0,0.0,0.0,0.0,0.0,0.0,0.0,0.0,0.0,0.0,0.0,0.0,0.0,0.0,0.0
0.023176964,0.16765791,0.026011115,0.7829457,0.59310883,1274.5426,903.194,0.023080727,0.019839251,0.013581125,0.024808131,0.0659847,0.023558028,1.2238973,0.0018186236,0.0,0.0,0.0,0.0,0.0,0.0,0.0,0.0,0.0,0.0,0.0,0.0,0.0,0.0,0.0,0.0,0.0,0.0,0.0,0.0,0.0,0.0,0.0,0.0,0.0
0.032826934,0.14324294,0.03972325,0.9476755,0.53980744,830.7967,287.031,0.01629353,0.08661979,0.012565737,-0.012628328,0.028904444,0.029889299,0.6293719,0.001744959,0.0,0.0,0.0,0.0,0.0,0.0,0.0,0.0,0.0,0.0,0.0,0.0,0.0,0.0,0.0,0.0,0.0,0.0,0.0,0.0,0.0,0.0,0.0,0.0,0.0
0.0165865,0.16714695,0.034892365,0.6001848,0.53497714,1668.9441,919.7833,0.0024015636,0.026336275,-0.001840648,0.014690626,0.04881294,0.018496962,0.8973578,0.0023427035,0.0,0.0,0.0,0.0,0.0,0.0,0.0,0.0,0.0,0.0,0.0,0.0,0.0,0.0,0.0,0.0,0.0,0.0,0.0,0.0,0.0,0.0,0.0,0.0,0.0
0.046126068,0.10899414,0.055249378,0.75022143,0.38785866,1770.4221,401.0193,0.016305411,0.044657458,0.009782988,0.025154917,0.023112573,0.021259742,1.3916876,0.00088002876,0.0,0.0,0.0,0.0,0.0,0.0,0.0,0.0,0.0,0.0,0.0,0.0,0.0,0.0,0.0,0.0,0.0,0.0,0.0,0.0,0.0,0.0,0.0,0.0,0.0
0.02918325,0.13061114,0.031455807,0.8511887,0.679876,1426.4033,227.3786,0.020600295,0.047567002,0.011075384,0.038666815,0.067268066,0.006571693,1.1885049,0.0009923135,0.0,0.0,0.0,0.0,0.0,0.0,0.0,0.0,0.0,0.0,0.0,0.0,0.0,0.0,0.0,0.0,0.0,0.0,0.0,0.0,0.0,0.0,0.0,0.0,0.0
0.008847574,0.11082635,0.05649147,0.81675285,0.7329272,1492.0353,1078.6362,0.030437242,0.059870325,0.011180945,0.018825457,0.05675303,0.021597315,0.9306009,-0.0010234143,0.0,0.0,0.0,0.0,0.0,0.0,0.0,0.0,0.0,0.0,0.0,0.0,0.0,0.0,0.0,0.0,0.0,0.0,0.0,0.0,0.0,0.0,0.0,0.0,0.0
0.020436829,0.12384317,0.048013385,0.9567832,0.6670129,1476.9792,998.5655,0.022910599,0.036665436,0.014657106,0.0016833905,0.04143811,0.022145566,1.6247003,0.0029006288,0.0,0.0,0.0,0.0,0.0,0.0,0.0,0.0,0.0,0.0,0.0,0.0,0.0,0.0,0.0,0.0,0.0,0.0,0.0,0.0,0.0,0.0,0.0,0.0,0.0
-0.036151532,0.1064549,0.025308724,0.82093495,0.2533172,987.4316,909.84894,0.022168731,0.035931356,0.0033646028,0.0578622,0.02249139,0.04124003,1.3049597,-6.564021e-05,0.0,0.0,0.0,0.0,0.0,0.0,0.0,0.0,0.0,0.0,0.0,0.0,0.0,0.0,0.0,0.0,0.0,0.0,0.0,0.0,0.0,0.0,0.0,0.0,0.0
-0.003440174,0.100738525,0.03668475,0.77435225,0.6259778,321.69952,922.5996,0.020179758,0.045744997,0.006574461,0.060513847,0.01677776,0.032370083,0.7053659,0.00013237026,0.0,0.0,0.0,0.0,0.0,0.0,0.0,0.0,0.0,0.0,0.0,0.0,0.0,0.0,0.0,0.0,0.0,0.0,0.0,0.0,0.0,0.0,0.0,0.0,0.0
0.0457634,0.12772176,0.025509104,0.66006017,0.38917112,644.9193,1023.9398,0.023980038,0.028639885,0.013520233,-0.0013186707,0.064749725,-0.0025131155,0.12529092,0.0030921362,0.0,0.0,0.0,0.0,0.0,0.0,0.0,0.0,0.0,0.0,0.0,0.0,0.0,0.0,0.0,0.0,0.0,0.0,0.0,0.0,0.0,0.0,0.0,0.0,0.0
0.034126338,0.17540322,0.029778812,0.7090282,0.47232965,1275.9872,-141.94884,0.030608622,0.046294197,-0.00035722362,0.037391856,0.06211842,0.00426369,0.97641593,0.0027605025,0.0,0.0,0.0,0.0,0.0,0.0,0.0,0.0,0.0,0.0,0.0,0.0,0.0,0.0,0.0,0.0,0.0,0.0,0.0,0.0,0.0,0.0,0.0,0.0,0.0
0.045361526,0.11229446,0.035007175,0.84776306,0.56952083,995.61786,356.84766,0.040027548,0.06097616,0.0066740694,0.04076963,0.02432792,0.023293681,1.6064641,4.3640626e-05,0.0,0.0,0.0,0.0,0.0,0.0,0.0,0.0,0.0,0.0,0.0,0.0,0.0,0.0,0.0,0.0,0.0,0.0,0.0,0.0,0.0,0.0,0.0,0.0,0.0
0.027273495,0.15274161,0.03933735,0.8242584,0.4220294,2347.9043,1697.8593,0.0239022,0.054158676,0.011425169,0.033043005,0.06366503,0.011621386,0.6672335,0.0005090564,0.0,0.0,0.0,0.0,0.0,0.0,0.0,0.0,0.0,0.0,0.0,0.0,0.0,0.0,0.0,0.0,0.0,0.0,0.0,0.0,0.0,0.0,0.0,0.0,0.0
0.008298325,0.14243688,0.023908708,0.6906199,0.45102844,1821.8312,713.865,0.0051487745,0.05795917,-0.002089645,0.012022182,0.006102435,0.025126187,1.2788901,0.0011193908,0.0,0.0,0.0,0.0,0.0,0.0,0.0,0.0,0.0,0.0,0.0,0.0,0.0,0.0,0.0,0.0,0.0,0.0,0.0,0.0,0.0,0.0,0.0,0.0,0.0
0.014070309,0.124717824,0.028974587,0.93468916,0.5040452,1252.6285,636.51196,0.024644893,0.084655866,0.01829834,-0.02142702,0.055622585,0.006453864,1.0256779,0.0016257125,0.0,0.0,0.0,0.0,0.0,0.0,0.0,0.0,0.0,0.0,0.0,0.0,0.0,0.0,0.0,0.0,0.0,0.0,0.0,0.0,0.0,0.0,0.0,0.0,0.0
0.012389976,0.11669911,0.022525072,0.772781,0.7920467,988.6047,437.6178,0.025232367,0.012377913,0.012214365,-0.007933211,0.06589349,0.017426422,0.86482686,-0.0010183345,0.0,0.0,0.0,0.0,0.0,0.0,0.0,0.0,0.0,0.0,0.0,0.0,0.0,0.0,0.0,0.0,0.0,0.0,0.0,0.0,0.0,0.0,0.0,0.0,0.0
0.003602637,0.15486003,0.019232748,0.8726225,0.61014915,1069.281,257.67166,0.0277099,0.051953465,0.008669378,0.01419866,0.052455347,0.012988082,0.5718773,-0.00032299312,0.0,0.0,0.0,0.0,0.0,0.0,0.0,0.0,0.0,0.0,0.0,0.0,0.0,0.0,0.0,0.0,0.0,0.0,0.0,0.0,0.0,0.0,0.0,0.0,0.0
0.024494598,0.13933396,0.03288123,0.681298,0.48429644,1432.526,864.4587,0.021107938,0.015744716,0.004492153,0.0037957977,0.068988085,0.0042868564,0.8134202,0.001221332,0.0,0.0,0.0,0.0,0.0,0.0,0.0,0.0,0.0,0.0,0.0,0.0,0.0,0.0,0.0,0.0,0.0,0.0,0.0,0.0,0.0,0.0,0.0,0.0,0.0
0.0026854465,0.16926463,0.028449671,0.7625589,0.4543799,1777.337,955.355,0.017079411,0.048382033,0.014813037,0.027554177,0.053253386,0.023658227,1.2479644,0.0005532313,0.0,0.0,0.0,0.0,0.0,0.0,0.0,0.0,0.0,0.0,0.0,0.0,0.0,0.0,0.0,0.0,0.0,0.0,0.0,0.0,0.0,0.0,0.0,0.0,0.0
0.013405767,0.090092786,0.032901708,0.77044535,0.66846055,2139.6467,467.6057,0.008711418,0.007849,0.012283186,0.043952607,0.023935571,0.025127562,0.101028755,0.00038910113,0.0,0.0,0.0,0.0,0.0,0.0,0.0,0.0,0.0,0.0,0.0,0.0,0.0,0.0,0.0,0.0,0.0,0.0,0.0,0.0,0.0,0.0,0.0,0.0,0.0
0.02341415,0.12414405,0.03371239,0.7912329,0.55994743,699.5549,1536.7828,0.0024905896,0.038226236,0.018481582,0.021200359,0.059975024,0.012403064,0.84578395,0.00044668463,0.0,0.0,0.0,0.0,0.0,0.0,0.0,0.0,0.0,0.0,0.0,0.0,0.0,0.0,0.0,0.0,0.0,0.0,0.0,0.0,0.0,0.0,0.0,0.0,0.0
-0.0075173695,0.09402995,0.04388678,0.6723632,0.5585208,1711.5044,1455.0837,0.028250843,0.0483946,0.0090710735,0.0350223,0.0535714,0.019430308,1.192079,0.0012359337,0.0,0.0,0.0,0.0,0.0,0.0,0.0,0.0,0.0,0.0,0.0,0.0,0.0,0.0,0.0,0.0,0.0,0.0,0.0,0.0,0.0,0.0,0.0,0.0,0.0
-0.0066880947,0.09826584,0.040170137,0.70279014,0.31740987,787.48224,1370.3607,0.015967248,0.027580068,-0.00075773866,0.05213536,0.08852844,0.0026640282,1.298268,0.003325488,0.0,0.0,0.0,0.0,0.0,0.0,0.0,0.0,0.0,0.0,0.0,0.0,0.0,0.0,0.0,0.0,0.0,0.0,0.0,0.0,0.0,0.0,0.0,0.0,0.0
0.030950705,0.102144636,0.0234816,0.79369104,0.42002478,1010.54974,647.69104,0.004372521,0.049795453,0.013252416,0.029500145,0.08357426,0.02611148,0.830625,-4.7876354e-05,0.0,0.0,0.0,0.0,0.0,0.0,0.0,0.0,0.0,0.0,0.0,0.0,0.0,0.0,0.0,0.0,0.0,0.0,0.0,0.0,0.0,0.0,0.0,0.0,0.0
-0.012657365,0.09674953,0.04736429,0.95222497,0.634508,1183.4302,431.31766,0.021488432,0.039381273,0.012989951,0.032150533,0.068150684,0.008808842,0.9063758,0.000224528,0.0,0.0,0.0,0.0,0.0,0.0,0.0,0.0,0.0,0.0,0.0,0.0,0.0,0.0,0.0,0.0,0.0,0.0,0.0,0.0,0.0,0.0,0.0,0.0,0.0
-0.0011640552,0.080239266,0.013873573,0.70593786,0.3527941,1642.977,906.9006,0.014028511,0.067826025,0.013030486,0.007913305,0.022441154,0.01844912,1.4656667,1.6443297e-06,0.0,0.0,0.0,0.0,0.0,0.0,0.0,0.0,0.0,0.0,0.0,0.0,0.0,0.0,0.0,0.0,0.0,0.0,0.0,0.0,0.0,0.0,0.0,0.0,0.0
0.025321621,0.14337356,0.020214554,0.79547936,0.65322155,1369.586,624.7046,0.013962136,0.013702125,0.018049331,0.02315822,0.043505076,0.019154519,1.5797356,0.0009817473,0.0,0.0,0.0,0.0,0.0,0.0,0.0,0.0,0.0,0.0,0.0,0.0,0.0,0.0,0.0,0.0,0.0,0.0,0.0,0.0,0.0,0.0,0.0,0.0,0.0
0.007978204,0.08677542,0.016918354,0.8079947,0.31545746,659.4053,925.636,0.021221457,0.031972073,0.0172237,0.044647586,0.028882645,0.01585394,1.3052661,0.0011801941,0.0,0.0,0.0,0.0,0.0,0.0,0.0,0.0,0.0,0.0,0.0,0.0,0.0,0.0,0.0,0.0,0.0,0.0,0.0,0.0,0.0,0.0,0.0,0.0,0.0
-0.0009680944,0.173068,0.028784743,0.73532075,0.55193114,691.85925,126.3962,0.026368761,0.06299651,0.013978281,0.01790256,0.030664388,0.013144494,0.73422116,0.0025613077,0.0,0.0,0.0,0.0,0.0,0.0,0.0,0.0,0.0,0.0,0.0,0.0,0.0,0.0,0.0,0.0,0.0,0.0,0.0,0.0,0.0,0.0,0.0,0.0,0.0
-0.023787027,0.10183552,0.038508918,0.6660919,0.42148092,1448.6885,600.93536,0.02850103,0.037420142,0.019755207,0.05480629,0.0011382977,0.025758857,1.2357272,0.0005408814,0.0,0.0,0.0,0.0,0.0,0.0,0.0,0.0,0.0,0.0,0.0,0.0,0.0,0.0,0.0,0.0,0.0,0.0,0.0,0.0,0.0,0.0,0.0,0.0,0.0
0.033711914,0.08595803,0.019928467,0.9778413,0.2724026,1291.6093,597.82465,0.010677369,0.030352304,0.0038361114,0.052416004,0.047140863,0.03457991,1.0610389,0.0012711773,0.0,0.0,0.0,0.0,0.0,0.0,0.0,0.0,0.0,0.0,0.0,0.0,0.0,0.0,0.0,0.0,0.0,0.0,0.0,0.0,0.0,0.0,0.0,0.0,0.0
0.00786965,0.16226101,0.051091567,0.7867018,0.15026593,1158.1129,1002.51605,0.018481722,0.02244202,0.0011176572,0.032665823,0.048463415,0.013791671,0.9505272,0.00088994106,0.0,0.0,0.0,0.0,0.0,0.0,0.0,0.0,0.0,0.0,0.0,0.0,0.0,0.0,0.0,0.0,0.0,0.0,0.0,0.0,0.0,0.0,0.0,0.0,0.0
0.009850657,0.1420553,0.016468795,0.87246203,0.4948411,685.2276,744.9997,0.004177368,0.05638543,0.006068109,0.04485711,0.046358623,0.0228476,0.5572381,0.0018944351,0.0,0.0,0.0,0.0,0.0,0.0,0.0,0.0,0.0,0.0,0.0,0.0,0.0,0.0,0.0,0.0,0.0,0.0,0.0,0.0,0.0,0.0,0.0,0.0,0.0
0.017300343,0.08799611,0.03004079,0.8192455,0.88531184,258.5843,421.13937,0.0214497,0.040232267,0.010176031,0.020345753,0.05396551,0.018489826,0.5186664,0.0029912177,0.0,0.0,0.0,0.0,0.0,0.0,0.0,0.0,0.0,0.0,0.0,0.0,0.0,0.0,0.0,0.0,0.0,0.0,0.0,0.0,0.0,0.0,0.0,0.0,0.0
0.040486805,0.09478211,0.03710436,0.85511065,0.54237336,513.53076,-158.83734,0.01743924,0.059606854,0.003912951,0.018762292,0.02490913,0.016403977,0.6168356,0.0027451466,0.0,0.0,0.0,0.0,0.0,0.0,0.0,0.0,0.0,0.0,0.0,0.0,0.0,0.0,0.0,0.0,0.0,0.0,0.0,0.0,0.0,0.0,0.0,0.0,0.0
0.0141201755,0.17501375,0.020869292,0.68804777,0.5182375,494.91138,682.66455,0.025262274,0.024443883,0.010200943,-0.0066150124,0.013255092,0.013714316,1.5614542,0.0012227283,0.0,0.0,0.0,0.0,0.0,0.0,0.0,0.0,0.0,0.0,0.0,0.0,0.0,0.0,0.0,0.0,0.0,0.0,0.0,0.0,0.0,0.0,0.0,0.0,0.0
0.0031448635,0.08831648,0.026279742,0.7203687,0.45782378,866.2629,1188.4673,0.025594534,0.032689396,0.009066942,0.054034926,0.039510973,0.030015232,1.2173556,0.0008798104,0.0,0.0,0.0,0.0,0.0,0.0,0.0,0.0,0.0,0.0,0.0,0.0,0.0,0.0,0.0,0.0,0.0,0.0,0.0,0.0,0.0,0.0,0.0,0.0,0.0
0.016427007,0.11337945,0.030426696,0.6228072,0.571313,1520.1318,870.974,0.030292217,0.029101094,0.0040325443,0.043779235,0.07828091,0.023223737,0.7580609,0.0006453992,0.0,0.0,0.0,0.0,0.0,0.0,0.0,0.0,0.0,0.0,0.0,0.0,0.0,0.0,0.0,0.0,0.0,0.0,0.0,0.0,0.0,0.0,0.0,0.0,0.0
0.03657549,0.11490389,0.036971577,0.65165395,0.3440776,664.2314,353.86307,0.03012434,0.040573195,0.013530807,0.08126404,0.034852397,0.030305004,0.73842704,0.0017783266,0.0,0.0,0.0,0.0,0.0,0.0,0.0,0.0,0.0,0.0,0.0,0.0,0.0,0.0,0.0,0.0,0.0,0.0,0.0,0.0,0.0,0.0,0.0,0.0,0.0
-0.010976768,0.16092177,0.025937824,0.87532717,0.27671185,2447.133,768.8758,0.0153855495,0.040689223,0.006877045,0.017280731,0.06954128,0.008757224,1.5117586,0.0011880397,0.0,0.0,0.0,0.0,0.0,0.0,0.0,0.0,0.0,0.0,0.0,0.0,0.0,0.0,0.0,0.0,0.0,0.0,0.0,0.0,0.0,0.0,0.0,0.0,0.0
0.0062608058,0.1599262,0.0316061,0.8180049,0.5676864,890.07806,297.7643,0.018369626,0.035394184,0.016211668,0.043721598,0.06075883,0.01197055,-0.31308204,-0.0026214859,0.0,0.0,0.0,0.0,0.0,0.0,0.0,0.0,0.0,0.0,0.0,0.0,0.0,0.0,0.0,0.0,0.0,0.0,0.0,0.0,0.0,0.0,0.0,0.0,0.0
-0.017221533,0.12861888,0.029054845,0.65528965,0.6794608,975.2744,907.0132,0.004490083,0.0651325,0.014358383,0.005541217,0.023053924,0.025819957,1.1622815,0.0016607477,0.0,0.0,0.0,0.0,0.0,0.0,0.0,0.0,0.0,0.0,0.0,0.0,0.0,0.0,0.0,0.0,0.0,0.0,0.0,0.0,0.0,0.0,0.0,0.0,0.0
0.011835034,0.093218185,0.026407838,0.7128823,0.48160705,869.1984,733.5711,0.02631025,0.026555348,0.011209904,0.0049869525,0.029065229,0.02943667,1.2896856,0.00081819145,0.0,0.0,0.0,0.0,0.0,0.0,0.0,0.0,0.0,0.0,0.0,0.0,0.0,0.0,0.0,0.0,0.0,0.0,0.0,0.0,0.0,0.0,0.0,0.0,0.0
0.04395381,0.121806666,0.03272786,0.68468153,0.5019488,727.78253,638.64374,0.024361001,0.075236894,0.0050980616,0.02839632,0.066357285,0.01754847,1.4749979,0.0015209652,0.0,0.0,0.0,0.0,0.0,0.0,0.0,0.0,0.0,0.0,0.0,0.0,0.0,0.0,0.0,0.0,0.0,0.0,0.0,0.0,0.0,0.0,0.0,0.0,0.0
-0.005491585,0.14556405,0.035934426,0.97294784,0.16405652,1108.1442,446.5916,0.008589784,0.040728737,0.0050354153,0.025626576,0.07081345,0.018336212,1.0909294,4.5487443e-05,0.0,0.0,0.0,0.0,0.0,0.0,0.0,0.0,0.0,0.0,0.0,0.0,0.0,0.0,0.0,0.0,0.0,0.0,0.0,0.0,0.0,0.0,0.0,0.0,0.0
0.010715428,0.10307908,0.018202195,0.7362729,0.45178628,1131.4496,1209.9536,0.030582454,0.020034818,0.007871439,0.0312791,0.06566808,-0.0066747144,0.5297969,0.00020969895,0.0,0.0,0.0,0.0,0.0,0.0,0.0,0.0,0.0,0.0,0.0,0.0,0.0,0.0,0.0,0.0,0.0,0.0,0.0,0.0,0.0,0.0,0.0,0.0,0.0
0.020795906,0.16425228,0.039776582,0.8598153,0.45524183,1210.2339,-5.4368486,-0.0052057784,0.07569505,0.0059411037,0.05135104,0.097488835,0.014216965,0.47864634,0.0005158463,0.0,0.0,0.0,0.0,0.0,0.0,0.0,0.0,0.0,0.0,0.0,0.0,0.0,0.0,0.0,0.0,0.0,0.0,0.0,0.0,0.0,0.0,0.0,0.0,0.0
0.01870954,0.12181233,0.014015474,0.7509555,0.2611635,644.83844,1099.5582,0.012627234,0.06836501,0.012663872,0.031862315,0.06555589,0.021489862,1.2377499,0.0011304729,0.0,0.0,0.0,0.0,0.0,0.0,0.0,0.0,0.0,0.0,0.0,0.0,0.0,0.0,0.0,0.0,0.0,0.0,0.0,0.0,0.0,0.0,0.0,0.0,0.0
0.036521144,0.1541913,0.018138845,0.6626158,0.6380739,130.90707,99.697075,0.023303509,0.033497356,0.01333436,0.061540984,0.05483292,0.026702529,-0.20307286,7.4194086e-06,0.0,0.0,0.0,0.0,0.0,0.0,0.0,0.0,0.0,0.0,0.0,0.0,0.0,0.0,0.0,0.0,0.0,0.0,0.0,0.0,0.0,0.0,0.0,0.0,0.0
0.0012498939,0.13723429,0.04057112,1.0073079,0.34964144,1051.1881,988.936,0.018239496,0.055476397,0.012365309,0.041987613,0.024845487,0.02774798,1.2145867,0.0010606905,0.0,0.0,0.0,0.0,0.0,0.0,0.0,0.0,0.0,0.0,0.0,0.0,0.0,0.0,0.0,0.0,0.0,0.0,0.0,0.0,0.0,0.0,0.0,0.0,0.0
-0.0026863283,0.12908581,0.0032306653,0.93785775,0.7014377,513.9073,614.606,0.017255861,0.037458785,0.009001498,0.04206753,0.05104712,0.012498986,1.1036531,0.00019049212,0.0,0.0,0.0,0.0,0.0,0.0,0.0,0.0,0.0,0.0,0.0,0.0,0.0,0.0,0.0,0.0,0.0,0.0,0.0,0.0,0.0,0.0,0.0,0.0,0.0
-0.0046804952,0.12868492,0.012511092,0.7278694,0.6096516,459.24384,422.8656,0.021885026,0.05287998,0.01030612,0.013111703,0.058041297,0.013416442,1.3078606,0.0004692565,0.0,0.0,0.0,0.0,0.0,0.0,0.0,0.0,0.0,0.0,0.0,0.0,0.0,0.0,0.0,0.0,0.0,0.0,0.0,0.0,0.0,0.0,0.0,0.0,0.0
0.013892997,0.11484293,0.038677167,0.8243298,0.8134045,361.12234,23.181696,0.015891721,-0.0013251328,0.014141521,0.048381545,0.024050428,0.02825397,2.181706,2.1056707e-05,0.0,0.0,0.0,0.0,0.0,0.0,0.0,0.0,0.0,0.0,0.0,0.0,0.0,0.0,0.0,0.0,0.0,0.0,0.0,0.0,0.0,0.0,0.0,0.0,0.0
0.0034012073,0.12561227,0.04087659,0.8966373,0.34333053,843.9572,879.2726,0.025862971,0.047626346,0.01804465,0.036820404,0.04399059,0.028772809,0.74929935,0.0022266775,0.0,0.0,0.0,0.0,0.0,0.0,0.0,0.0,0.0,0.0,0.0,0.0,0.0,0.0,0.0,0.0,0.0,0.0,0.0,0.0,0.0,0.0,0.0,0.0,0.0
0.0062703644,0.18508467,0.021058373,0.8057567,0.5905063,926.4427,597.42804,0.002851591,0.03536199,0.010779915,0.05615821,0.038495913,0.02084722,0.27338657,0.0015088996,0.0,0.0,0.0,0.0,0.0,0.0,0.0,0.0,0.0,0.0,0.0,0.0,0.0,0.0,0.0,0.0,0.0,0.0,0.0,0.0,0.0,0.0,0.0,0.0,0.0
-0.007994949,0.16645712,0.024652028,0.8351464,0.16140084,1241.0193,406.62152,0.021012643,0.055241693,0.008997915,0.02125938,0.06953883,0.025214667,0.762965,-0.00061724987,0.0,0.0,0.0,0.0,0.0,0.0,0.0,0.0,0.0,0.0,0.0,0.0,0.0,0.0,0.0,0.0,0.0,0.0,0.0,0.0,0.0,0.0,0.0,0.0,0.0
0.060358588,0.11510415,0.026725305,1.0417904,0.53698725,1926.2452,814.2102,0.012829265,0.02431251,0.0151519235,0.04705897,0.044140656,0.023578104,1.2438843,-0.00032814677,0.0,0.0,0.0,0.0,0.0,0.0,0.0,0.0,0.0,0.0,0.0,0.0,0.0,0.0,0.0,0.0,0.0,0.0,0.0,0.0,0.0,0.0,0.0,0.0,0.0
0.012880945,0.103504315,0.033396225,0.90484184,0.42728546,350.10193,1187.6776,0.020272868,0.036952615,0.010161494,0.010337377,0.042812854,0.024798015,0.89061326,0.00025740048,0.0,0.0,0.0,0.0,0.0,0.0,0.0,0.0,0.0,0.0,0.0,0.0,0.0,0.0,0.0,0.0,0.0,0.0,0.0,0.0,0.0,0.0,0.0,0.0,0.0
0.0061613163,0.08211656,0.053027958,0.63728404,0.4258665,1453.6569,314.47815,-0.0061346977,0.04011096,0.014111821,0.03391764,0.050553415,0.00041133363,1.5572064,0.0011695992,0.0,0.0,0.0,0.0,0.0,0.0,0.0,0.0,0.0,0.0,0.0,0.0,0.0,0.0,0.0,0.0,0.0,0.0,0.0,0.0,0.0,0.0,0.0,0.0,0.0
0.064430565,0.1575225,0.02908782,0.8667694,0.33081797,1106.2876,1477.7443,0.016132735,0.0666167,0.0061376416,0.03760971,-0.00347087,0.017506002,0.7581237,0.0007466622,0.0,0.0,0.0,0.0,0.0,0.0,0.0,0.0,0.0,0.0,0.0,0.0,0.0,0.0,0.0,0.0,0.0,0.0,0.0,0.0,0.0,0.0,0.0,0.0,0.0
0.019226536,0.055420075,0.025976853,1.0555838,0.3764629,1196.6025,528.81525,0.014494181,0.02437384,0.004669746,0.053023465,0.07157695,0.0020135336,1.3084654,0.001037264,0.0,0.0,0.0,0.0,0.0,0.0,0.0,0.0,0.0,0.0,0.0,0.0,0.0,0.0,0.0,0.0,0.0,0.0,0.0,0.0,0.0,0.0,0.0,0.0,0.0
8.914383e-05,0.13482152,0.041727252,0.70342547,0.5544278,1189.2124,1031.9686,0.020135596,0.029306155,0.010667162,0.04773242,0.061298903,0.0254282,0.3816812,0.00090225635,0.0,0.0,0.0,0.0,0.0,0.0,0.0,0.0,0.0,0.0,0.0,0.0,0.0,0.0,0.0,0.0,0.0,0.0,0.0,0.0,0.0,0.0,0.0,0.0,0.0
0.021397974,0.10726706,0.02291647,0.64505404,0.34901452,506.51648,1359.7134,0.03299375,0.072985634,0.014414715,0.04312148,0.07712995,0.0028965997,0.46806175,0.0003116056,0.0,0.0,0.0,0.0,0.0,0.0,0.0,0.0,0.0,0.0,0.0,0.0,0.0,0.0,0.0,0.0,0.0,0.0,0.0,0.0,0.0,0.0,0.0,0.0,0.0
0.032331184,0.12318244,0.041194294,0.7802763,0.56641966,1134.6771,592.32874,-0.0015160197,0.06973675,0.016003547,0.017061908,0.059207313,0.0130958725,1.501985,0.00086301164,0.0,0.0,0.0,0.0,0.0,0.0,0.0,0.0,0.0,0.0,0.0,0.0,0.0,0.0,0.0,0.0,0.0,0.0,0.0,0.0,0.0,0.0,0.0,0.0,0.0
0.014440214,0.118051134,0.03845788,0.92243123,0.45154485,1104.8451,948.33856,0.00421546,0.060814064,0.011967734,0.053810984,0.06265322,0.0327087,1.2083027,0.0021733474,0.0,0.0,0.0,0.0,0.0,0.0,0.0,0.0,0.0,0.0,0.0,0.0,0.0,0.0,0.0,0.0,0.0,0.0,0.0,0.0,0.0,0.0,0.0,0.0,0.0
-0.010809629,0.16000305,0.01826969,0.7683062,0.38349354,996.8775,1050.9802,0.033748683,0.041687433,0.011584581,0.046375033,0.035360824,0.019345678,0.9190511,-0.0002722463,0.0,0.0,0.0,0.0,0.0,0.0,0.0,0.0,0.0,0.0,0.0,0.0,0.0,0.0,0.0,0.0,0.0,0.0,0.0,0.0,0.0,0.0,0.0,0.0,0.0
-0.009643285,0.12847753,0.025215799,0.9543591,0.3924791,2255.0564,813.4543,0.026003586,0.02053414,0.017394608,0.018121826,0.054955423,0.035152107,1.041484,0.00020676714,0.0,0.0,0.0,0.0,0.0,0.0,0.0,0.0,0.0,0.0,0.0,0.0,0.0,0.0,0.0,0.0,0.0,0.0,0.0,0.0,0.0,0.0,0.0,0.0,0.0
-0.007864781,0.14867051,0.03444249,0.7601504,0.49042964,1259.1459,815.2926,0.016424807,0.08791015,0.009723534,0.049713477,0.0985186,0.016871944,0.74427783,0.0029644559,0.0,0.0,0.0,0.0,0.0,0.0,0.0,0.0,0.0,0.0,0.0,0.0,0.0,0.0,0.0,0.0,0.0,0.0,0.0,0.0,0.0,0.0,0.0,0.0,0.0
0.041853767,0.15122065,0.025963109,0.7641167,0.35890576,1191.6879,1115.3923,0.025153827,0.025821835,0.0055893096,0.038277168,0.07894115,0.02343139,1.4246886,0.00030323042,0.0,0.0,0.0,0.0,0.0,0.0,0.0,0.0,0.0,0.0,0.0,0.0,0.0,0.0,0.0,0.0,0.0,0.0,0.0,0.0,0.0,0.0,0.0,0.0,0.0
0.03864959,0.109502554,0.034500856,0.93934536,0.60675913,1779.5668,296.42578,0.022481563,0.031354804,0.016874906,0.04237424,0.01890686,0.033027623,0.5093396,-0.00022005365,0.0,0.0,0.0,0.0,0.0,0.0,0.0,0.0,0.0,0.0,0.0,0.0,0.0,0.0,0.0,0.0,0.0,0.0,0.0,0.0,0.0,0.0,0.0,0.0,0.0
-0.014813087,0.16848135,0.01675863,0.90622294,0.5776997,661.6644,361.83414,0.014898683,0.058244087,0.01588695,-0.0028018686,0.05673097,0.02659535,1.0473012,0.0021096456,0.0,0.0,0.0,0.0,0.0,0.0,0.0,0.0,0.0,0.0,0.0,0.0,0.0,0.0,0.0,0.0,0.0,0.0,0.0,0.0,0.0,0.0,0.0,0.0,0.0
-0.02709607,0.11424353,0.027125908,0.8086535,0.7155628,1578.0068,363.67883,0.00919476,0.017629001,0.022942834,0.015126458,0.118187115,0.017511157,1.5568739,0.0012269015,0.0,0.0,0.0,0.0,0.0,0.0,0.0,0.0,0.0,0.0,0.0,0.0,0.0,0.0,0.0,0.0,0.0,0.0,0.0,0.0,0.0,0.0,0.0,0.0,0.0
-0.013062782,0.14763941,0.027037283,0.96714675,0.40489423,1768.5316,114.620445,0.01915409,0.038426757,0.015781036,0.030847901,0.036151882,0.021955388,1.5097836,0.0020838075,0.0,0.0,0.0,0.0,0.0,0.0,0.0,0.0,0.0,0.0,0.0,0.0,0.0,0.0,0.0,0.0,0.0,0.0,0.0,0.0,0.0,0.0,0.0,0.0,0.0
0.0013104386,0.15803313,0.020791374,0.8512414,0.6820916,1055.7195,1268.1594,0.026814295,0.01514182,0.0080623515,0.052738488,0.05660887,0.017454274,1.3435938,0.0008319556,0.0,0.0,0.0,0.0,0.0,0.0,0.0,0.0,0.0,0.0,0.0,0.0,0.0,0.0,0.0,0.0,0.0,0.0,0.0,0.0,0.0,0.0,0.0,0.0,0.0
0.009016291,0.14448376,0.03380504,0.71445787,0.44531813,890.2774,371.59488,0.025631072,0.06375181,0.006443739,0.046453,0.08096269,-0.0021430517,0.17511529,0.00029601835,0.0,0.0,0.0,0.0,0.0,0.0,0.0,0.0,0.0,0.0,0.0,0.0,0.0,0.0,0.0,0.0,0.0,0.0,0.0,0.0,0.0,0.0,0.0,0.0,0.0
-0.00032747266,0.13533714,0.028700171,0.8318377,0.5742716,807.62396,1352.8467,0.016393075,0.045928776,0.0058031227,0.039361563,0.030865645,0.02976409,1.4894124,0.002679881,0.0,0.0,0.0,0.0,0.0,0.0,0.0,0.0,0.0,0.0,0.0,0.0,0.0,0.0,0.0,0.0,0.0,0.0,0.0,0.0,0.0,0.0,0.0,0.0,0.0
0.00023938411,0.13758498,0.02250131,0.7386457,0.18831226,897.39813,1135.3158,0.027301325,0.035958335,0.003879139,0.03659239,0.02957395,0.015840068,0.7287473,0.0014870896,0.0,0.0,0.0,0.0,0.0,0.0,0.0,0.0,0.0,0.0,0.0,0.0,0.0,0.0,0.0,0.0,0.0,0.0,0.0,0.0,0.0,0.0,0.0,0.0,0.0
0.03136302,0.1467214,0.038555216,0.7679321,0.70674115,1205.2034,1389.366,0.027678516,0.06488538,0.009296701,0.03287418,0.02708018,0.013100654,0.8005221,0.00059501705,0.0,0.0,0.0,0.0,0.0,0.0,0.0,0.0,0.0,0.0,0.0,0.0,0.0,0.0,0.0,0.0,0.0,0.0,0.0,0.0,0.0,0.0,0.0,0.0,0.0
0.0021738089,0.112983935,0.022622552,0.8237583,0.38663974,940.5752,432.56165,0.02225006,0.01576956,0.010707185,0.008281968,0.043032307,0.018473111,0.65012527,0.00095204485,0.0,0.0,0.0,0.0,0.0,0.0,0.0,0.0,0.0,0.0,0.0,0.0,0.0,0.0,0.0,0.0,0.0,0.0,0.0,0.0,0.0,0.0,0.0,0.0,0.0
-0.008118271,0.12847592,0.012309468,0.89502627,0.38723788,1267.4727,1348.3566,0.00605055,0.05724687,0.005339358,0.036496814,0.041963026,0.015810832,1.1973311,2.945875e-05,0.0,0.0,0.0,0.0,0.0,0.0,0.0,0.0,0.0,0.0,0.0,0.0,0.0,0.0,0.0,0.0,0.0,0.0,0.0,0.0,0.0,0.0,0.0,0.0,0.0
0.020495158,0.16707629,0.024677875,0.8897145,0.68844837,866.1113,861.98517,0.027314708,0.056889825,0.007061718,0.024006527,0.049681325,0.013536582,0.5775001,9.021593e-05,0.0,0.0,0.0,0.0,0.0,0.0,0.0,0.0,0.0,0.0,0.0,0.0,0.0,0.0,0.0,0.0,0.0,0.0,0.0,0.0,0.0,0.0,0.0,0.0,0.0
0.0079095885,0.097548515,0.018341511,0.8303796,0.53088194,1397.2584,1069.7634,0.0018073051,0.045022126,0.0012343997,0.00764456,0.04187135,0.017243514,0.13727337,0.002384354,0.0,0.0,0.0,0.0,0.0,0.0,0.0,0.0,0.0,0.0,0.0,0.0,0.0,0.0,0.0,0.0,0.0,0.0,0.0,0.0,0.0,0.0,0.0,0.0,0.0
-0.0089169545,0.104027264,0.019758571,1.0103611,0.66966826,953.94244,968.9448,0.030718412,0.029740766,0.01730059,0.036223624,0.04576248,0.0141374245,1.9766245,-0.00069911376,0.0,0.0,0.0,0.0,0.0,0.0,0.0,0.0,0.0,0.0,0.0,0.0,0.0,0.0,0.0,0.0,0.0,0.0,0.0,0.0,0.0,0.0,0.0,0.0,0.0
0.045225542,0.15769884,0.047073063,0.947133,0.6104079,298.7605,511.2379,0.01831934,0.067825854,0.012591055,0.0010356472,0.04258042,0.017110515,0.802767,0.0023431543,0.0,0.0,0.0,0.0,0.0,0.0,0.0,0.0,0.0,0.0,0.0,0.0,0.0,0.0,0.0,0.0,0.0,0.0,0.0,0.0,0.0,0.0,0.0,0.0,0.0
0.03269497,0.097610444,0.04487854,0.7223342,0.7383605,624.99927,1216.8661,0.020305552,0.054640688,0.010862513,0.05450857,0.07960419,0.0039396468,0.14281282,0.001335471,0.0,0.0,0.0,0.0,0.0,0.0,0.0,0.0,0.0,0.0,0.0,0.0,0.0,0.0,0.0,0.0,0.0,0.0,0.0,0.0,0.0,0.0,0.0,0.0,0.0
0.031028727,0.16910887,0.027670816,0.892154,0.5122958,1638.0387,748.71844,0.010245441,0.024847114,0.009406789,0.041096956,0.080738455,0.017854877,0.2627827,0.0026647404,0.0,0.0,0.0,0.0,0.0,0.0,0.0,0.0,0.0,0.0,0.0,0.0,0.0,0.0,0.0,0.0,0.0,0.0,0.0,0.0,0.0,0.0,0.0,0.0,0.0
-0.0035128251,0.12665498,0.037074428,0.8825709,0.47063377,1188.9803,1435.0532,0.017144112,0.035704657,0.009712951,0.042844776,0.03154432,0.002624246,1.202438,0.0012134403,0.0,0.0,0.0,0.0,0.0,0.0,0.0,0.0,0.0,0.0,0.0,0.0,0.0,0.0,0.0,0.0,0.0,0.0,0.0,0.0,0.0,0.0,0.0,0.0,0.0
-0.006748621,0.12996528,0.017164027,0.7637346,0.38360673,632.68353,1103.5952,0.035807308,0.003724093,0.010110391,0.03505585,0.043248117,0.02328824,0.5109944,-6.108645e-05,0.0,0.0,0.0,0.0,0.0,0.0,0.0,0.0,0.0,0.0,0.0,0.0,0.0,0.0,0.0,0.0,0.0,0.0,0.0,0.0,0.0,0.0,0.0,0.0,0.0
0.0007088887,0.124469586,0.029189123,0.6330811,0.54796743,350.03687,733.6232,0.011281716,0.029431254,0.012924085,0.01763076,0.0619743,0.018388404,1.6138891,0.000686982,0.0,0.0,0.0,0.0,0.0,0.0,0.0,0.0,0.0,0.0,0.0,0.0,0.0,0.0,0.0,0.0,0.0,0.0,0.0,0.0,0.0,0.0,0.0,0.0,0.0
0.01978619,0.16027968,0.036821086,0.8971987,0.7088652,863.3187,1168.6927,0.009206903,0.0002994121,0.011622017,0.02133267,0.046291023,0.017366232,0.22348854,0.0016065136,0.0,0.0,0.0,0.0,0.0,0.0,0.0,0.0,0.0,0.0,0.0,0.0,0.0,0.0,0.0,0.0,0.0,0.0,0.0,0.0,0.0,0.0,0.0,0.0,0.0
0.0014771622,0.090203054,0.02433873,0.86945,0.58782756,927.5251,146.15567,0.022933938,0.08479992,0.00618853,0.059287284,0.056892645,0.021026677,1.3307792,0.0002064243,0.0,0.0,0.0,0.0,0.0,0.0,0.0,0.0,0.0,0.0,0.0,0.0,0.0,0.0,0.0,0.0,0.0,0.0,0.0,0.0,0.0,0.0,0.0,0.0,0.0
0.01569935,0.097490706,0.032924753,0.56295025,0.5791137,1302.7478,732.1325,0.015786048,0.04968599,0.012715183,0.038958643,0.09166571,-0.00013086462,1.9594581,0.001043048,0.0,0.0,0.0,0.0,0.0,0.0,0.0,0.0,0.0,0.0,0.0,0.0,0.0,0.0,0.0,0.0,0.0,0.0,0.0,0.0,0.0,0.0,0.0,0.0,0.0
-0.0026576526,0.12857541,0.03631107,0.929308,0.44104365,-146.96744,660.0785,0.03203887,0.01807975,0.0077460366,0.034527585,0.039001003,0.029866556,1.4285152,0.0031854862,0.0,0.0,0.0,0.0,0.0,0.0,0.0,0.0,0.0,0.0,0.0,0.0,0.0,0.0,0.0,0.0,0.0,0.0,0.0,0.0,0.0,0.0,0.0,0.0,0.0
0.034532625,0.1412348,0.031226968,0.99930036,0.36204684,1432.3508,232.90834,0.011009856,0.03458638,0.006476467,0.030751651,0.054738745,0.00844028,0.6126959,0.0010034613,0.0,0.0,0.0,0.0,0.0,0.0,0.0,0.0,0.0,0.0,0.0,0.0,0.0,0.0,0.0,0.0,0.0,0.0,0.0,0.0,0.0,0.0,0.0,0.0,0.0
0.014877188,0.107923485,0.0106347045,0.8631652,0.5496702,1229.0498,1208.6759,0.013417986,0.08499694,0.008101179,-0.008297925,0.088152885,0.015398126,1.0960469,0.0012102292,0.0,0.0,0.0,0.0,0.0,0.0,0.0,0.0,0.0,0.0,0.0,0.0,0.0,0.0,0.0,0.0,0.0,0.0,0.0,0.0,0.0,0.0,0.0,0.0,0.0
0.030515898,0.13699223,0.050575625,0.83495265,0.5425746,996.31335,892.4119,0.024723073,0.062060725,0.009216918,0.037387956,0.06975837,0.025748048,1.7420505,0.0006359397,0.0,0.0,0.0,0.0,0.0,0.0,0.0,0.0,0.0,0.0,0.0,0.0,0.0,0.0,0.0,0.0,0.0,0.0,0.0,0.0,0.0,0.0,0.0,0.0,0.0
0.009483428,0.14583822,0.039609745,0.7372189,0.57139266,871.7899,437.7754,0.030759003,0.051185515,0.006406939,0.041330002,0.07165919,0.017825771,1.6489367,0.0020679825,0.0,0.0,0.0,0.0,0.0,0.0,0.0,0.0,0.0,0.0,0.0,0.0,0.0,0.0,0.0,0.0,0.0,0.0,0.0,0.0,0.0,0.0,0.0,0.0,0.0
-0.006068299,0.1568305,0.03564528,0.6917278,0.2206784,1012.9771,631.86084,0.01089198,0.036147702,0.015738437,0.007100496,0.018047854,-0.0013382812,1.274961,0.0010100874,0.0,0.0,0.0,0.0,0.0,0.0,0.0,0.0,0.0,0.0,0.0,0.0,0.0,0.0,0.0,0.0,0.0,0.0,0.0,0.0,0.0,0.0,0.0,0.0,0.0
-0.020635266,0.08810776,0.005221161,0.74757576,0.70029825,901.0338,1272.7728,0.030559232,0.025130846,0.013862667,0.033129405,0.021046437,0.022711063,0.9912357,-0.0011373361,0.0,0.0,0.0,0.0,0.0,0.0,0.0,0.0,0.0,0.0,0.0,0.0,0.0,0.0,0.0,0.0,0.0,0.0,0.0,0.0,0.0,0.0,0.0,0.0,0.0
0.012340639,0.09499833,0.020450383,0.78795856,0.3061517,1029.4177,855.8546,0.03588775,0.04654433,0.011533825,0.029011196,0.08093979,0.014077311,2.0521817,0.0031490212,0.0,0.0,0.0,0.0,0.0,0.0,0.0,0.0,0.0,0.0,0.0,0.0,0.0,0.0,0.0,0.0,0.0,0.0,0.0,0.0,0.0,0.0,0.0,0.0,0.0
0.008281463,0.11209013,0.038411986,0.90921766,0.7184897,1488.3876,1436.6234,0.015943209,0.04663309,0.009186801,0.059887413,0.03240808,0.010694307,1.2273445,0.00085820875,0.0,0.0,0.0,0.0,0.0,0.0,0.0,0.0,0.0,0.0,0.0,0.0,0.0,0.0,0.0,0.0,0.0,0.0,0.0,0.0,0.0,0.0,0.0,0.0,0.0
-0.004185938,0.14477968,0.02166068,0.81536186,0.6105641,1576.661,723.35065,0.022703608,0.044717547,0.00716722,0.026887134,0.07822297,0.0044692936,0.15827149,0.0022528227,0.0,0.0,0.0,0.0,0.0,0.0,0.0,0.0,0.0,0.0,0.0,0.0,0.0,0.0,0.0,0.0,0.0,0.0,0.0,0.0,0.0,0.0,0.0,0.0,0.0
0.020058142,0.12166137,0.029604906,0.8760711,0.48790672,1558.9816,-223.5129,0.029419221,0.058097463,0.013670915,0.039897434,0.04813841,0.037706837,1.31912,0.0013729988,0.0,0.0,0.0,0.0,0.0,0.0,0.0,0.0,0.0,0.0,0.0,0.0,0.0,0.0,0.0,0.0,0.0,0.0,0.0,0.0,0.0,0.0,0.0,0.0,0.0
-0.004948144,0.1496508,0.03274301,0.6587464,0.38959125,1540.0256,680.7956,0.019844297,0.0370243,0.01701443,0.03798919,0.054660674,0.02896269,0.6979919,0.0001799013,0.0,0.0,0.0,0.0,0.0,0.0,0.0,0.0,0.0,0.0,0.0,0.0,0.0,0.0,0.0,0.0,0.0,0.0,0.0,0.0,0.0,0.0,0.0,0.0,0.0
0.010439445,0.15800938,0.019100381,0.8800154,0.21715914,1359.7402,841.60913,0.031886313,0.012402792,0.008344419,0.037478603,0.0015780844,0.010443458,1.8040928,0.0010323015,0.0,0.0,0.0,0.0,0.0,0.0,0.0,0.0,0.0,0.0,0.0,0.0,0.0,0.0,0.0,0.0,0.0,0.0,0.0,0.0,0.0,0.0,0.0,0.0,0.0
0.012331592,0.077629566,0.03027418,0.92548126,0.60591394,183.3017,569.3328,0.031112053,0.024338787,0.01323092,0.032890197,0.04672353,0.00861557,1.3683014,0.0016086254,0.0,0.0,0.0,0.0,0.0,0.0,0.0,0.0,0.0,0.0,0.0,0.0,0.0,0.0,0.0,0.0,0.0,0.0,0.0,0.0,0.0,0.0,0.0,0.0,0.0
0.013978946,0.12858653,0.029696252,0.85742193,0.31979826,566.6564,1705.6086,0.010864336,0.041522462,0.011124789,-0.0011327394,0.013158014,0.018043526,1.7808799,0.00085555285,0.0,0.0,0.0,0.0,0.0,0.0,0.0,0.0,0.0,0.0,0.0,0.0,0.0,0.0,0.0,0.0,0.0,0.0,0.0,0.0,0.0,0.0,0.0,0.0,0.0
0.02346137,0.11527122,0.036535155,0.70493525,0.61561954,1379.5532,297.46313,0.016878907,0.04650688,0.009080625,0.009110582,0.038574103,-6.741416e-05,1.3556533,0.0032530345,0.0,0.0,0.0,0.0,0.0,0.0,0.0,0.0,0.0,0.0,0.0,0.0,0.0,0.0,0.0,0.0,0.0,0.0,0.0,0.0,0.0,0.0,0.0,0.0,0.0
-0.023504097,0.050509818,0.020623239,0.70497864,0.28286627,167.02516,919.41376,0.024834149,0.05562793,0.00868683,0.015525853,0.06455072,0.026566576,1.6920491,0.00058707775,0.0,0.0,0.0,0.0,0.0,0.0,0.0,0.0,0.0,0.0,0.0,0.0,0.0,0.0,0.0,0.0,0.0,0.0,0.0,0.0,0.0,0.0,0.0,0.0,0.0
-0.018641945,0.13738045,0.011138926,0.8996961,0.58094347,1662.3662,976.8789,0.031797115,0.033899307,0.0142141925,0.04282841,0.06740543,0.054272234,0.19986449,0.0010659198,0.0,0.0,0.0,0.0,0.0,0.0,0.0,0.0,0.0,0.0,0.0,0.0,0.0,0.0,0.0,0.0,0.0,0.0,0.0,0.0,0.0,0.0,0.0,0.0,0.0
0.0031505916,0.16672894,0.025087688,0.68241334,0.4121918,318.4012,1620.6044,0.027285075,0.036657594,0.008096153,0.002180728,0.06413083,0.019369539,0.28096476,0.0010440995,0.0,0.0,0.0,0.0,0.0,0.0,0.0,0.0,0.0,0.0,0.0,0.0,0.0,0.0,0.0,0.0,0.0,0.0,0.0,0.0,0.0,0.0,0.0,0.0,0.0
0.02311778,0.11558173,0.018702272,0.84003085,0.22482269,465.38177,698.21295,0.01621025,0.02714204,0.0069287624,0.06626591,0.08055889,0.019149138,1.4896746,-0.0001017304,0.0,0.0,0.0,0.0,0.0,0.0,0.0,0.0,0.0,0.0,0.0,0.0,0.0,0.0,0.0,0.0,0.0,0.0,0.0,0.0,0.0,0.0,0.0,0.0,0.0
0.009016576,0.10416723,0.0336203,0.9017125,0.52382123,299.7351,908.94415,0.032789037,0.026602896,0.01520924,0.03803958,0.07152946,0.024170283,0.6335563,-0.00057111337,0.0,0.0,0.0,0.0,0.0,0.0,0.0,0.0,0.0,0.0,0.0,0.0,0.0,0.0,0.0,0.0,0.0,0.0,0.0,0.0,0.0,0.0,0.0,0.0,0.0
-0.04273011,0.15652883,0.01895142,0.71516126,0.8810949,198.13104,775.8463,0.040590722,0.046106678,0.01790059,0.035280462,0.036219228,0.01801221,1.6468008,0.0013811551,0.0,0.0,0.0,0.0,0.0,0.0,0.0,0.0,0.0,0.0,0.0,0.0,0.0,0.0,0.0,0.0,0.0,0.0,0.0,0.0,0.0,0.0,0.0,0.0,0.0
-0.0017756352,0.1267577,0.020334184,0.79289234,0.20926085,589.54407,1385.0203,0.0049125412,0.03592894,0.010150724,0.027231488,0.071145475,0.0012007758,1.1224996,0.002587683,0.0,0.0,0.0,0.0,0.0,0.0,0.0,0.0,0.0,0.0,0.0,0.0,0.0,0.0,0.0,0.0,0.0,0.0,0.0,0.0,0.0,0.0,0.0,0.0,0.0
0.009630433,0.13527678,0.035381448,0.93110216,0.45129192,679.58215,301.63333,0.024903936,0.028987737,0.014604015,0.039255943,0.021810094,0.021382423,1.2821804,0.0010642408,0.0,0.0,0.0,0.0,0.0,0.0,0.0,0.0,0.0,0.0,0.0,0.0,0.0,0.0,0.0,0.0,0.0,0.0,0.0,0.0,0.0,0.0,0.0,0.0,0.0
0.00068998546,0.13179617,0.018150512,0.86001277,0.5725166,839.1117,2232.165,0.012144094,0.059633866,0.014690954,0.052925237,0.04779898,0.015576393,0.5305443,0.0006434931,0.0,0.0,0.0,0.0,0.0,0.0,0.0,0.0,0.0,0.0,0.0,0.0,0.0,0.0,0.0,0.0,0.0,0.0,0.0,0.0,0.0,0.0,0.0,0.0,0.0
0.0131774815,0.17314924,0.048270736,0.97468686,0.52149427,523.92554,1228.0176,0.020056032,0.014294857,0.0016498719,0.05595076,0.054671627,0.035885196,0.635598,0.0029828197,0.0,0.0,0.0,0.0,0.0,0.0,0.0,0.0,0.0,0.0,0.0,0.0,0.0,0.0,0.0,0.0,0.0,0.0,0.0,0.0,0.0,0.0,0.0,0.0,0.0
0.051947016,0.077638835,0.029900808,0.717831,0.85094386,1764.6346,679.25696,0.015716514,0.03548482,0.005827758,0.02693131,0.00783904,0.025127009,1.2315795,0.0011068124,0.0,0.0,0.0,0.0,0.0,0.0,0.0,0.0,0.0,0.0,0.0,0.0,0.0,0.0,0.0,0.0,0.0,0.0,0.0,0.0,0.0,0.0,0.0,0.0,0.0
-0.0315033,0.16786705,0.024879783,0.7781788,0.49379706,262.80246,595.1848,0.019552749,0.021284332,0.008418631,0.03252013,0.07136127,0.017889582,0.88958764,0.0028203756,0.0,0.0,0.0,0.0,0.0,0.0,0.0,0.0,0.0,0.0,0.0,0.0,0.0,0.0,0.0,0.0,0.0,0.0,0.0,0.0,0.0,0.0,0.0,0.0,0.0
-0.010839515,0.13183661,0.02196667,0.7150643,0.48462346,1071.0554,227.38237,0.019729827,0.029299067,0.01171548,0.05640895,0.06496497,0.033357907,1.7223694,0.00040327877,0.0,0.0,0.0,0.0,0.0,0.0,0.0,0.0,0.0,0.0,0.0,0.0,0.0,0.0,0.0,0.0,0.0,0.0,0.0,0.0,0.0,0.0,0.0,0.0,0.0
-0.0073979236,0.17580588,0.041757755,0.79605716,0.29342768,1232.3632,1584.2439,0.026790028,0.04685315,0.0009333514,0.030128757,0.060578458,0.026588628,1.1353228,0.0004540996,0.0,0.0,0.0,0.0,0.0,0.0,0.0,0.0,0.0,0.0,0.0,0.0,0.0,0.0,0.0,0.0,0.0,0.0,0.0,0.0,0.0,0.0,0.0,0.0,0.0
0.0013770548,0.13007405,0.028626755,0.96045864,0.2898228,961.5302,1545.2125,0.018218042,0.05358032,0.012514903,0.049184285,0.046042867,0.012411604,1.3242092,0.0008747698,0.0,0.0,0.0,0.0,0.0,0.0,0.0,0.0,0.0,0.0,0.0,0.0,0.0,0.0,0.0,0.0,0.0,0.0,0.0,0.0,0.0,0.0,0.0,0.0,0.0
0.010805363,0.14531654,0.024408456,0.56736636,0.7396062,1241.8724,488.16464,0.018264884,0.03237477,0.008519341,0.011749649,0.023353895,0.01285655,1.6860732,-8.943961e-06,0.0,0.0,0.0,0.0,0.0,0.0,0.0,0.0,0.0,0.0,0.0,0.0,0.0,0.0,0.0,0.0,0.0,0.0,0.0,0.0,0.0,0.0,0.0,0.0,0.0
0.019033534,0.1475391,0.027531369,0.89861333,0.37940034,1289.4684,1619.5424,0.042571355,0.0010334007,0.010587183,0.018723065,0.067280464,0.033047866,0.8477866,-8.856659e-06,0.0,0.0,0.0,0.0,0.0,0.0,0.0,0.0,0.0,0.0,0.0,0.0,0.0,0.0,0.0,0.0,0.0,0.0,0.0,0.0,0.0,0.0,0.0,0.0,0.0
0.0034633582,0.11920647,0.023918858,0.7066921,0.3724883,1671.3528,553.39386,0.018520322,0.059871655,0.011042253,0.013329238,0.025168978,0.005737522,0.8532011,0.0013586814,0.0,0.0,0.0,0.0,0.0,0.0,0.0,0.0,0.0,0.0,0.0,0.0,0.0,0.0,0.0,0.0,0.0,0.0,0.0,0.0,0.0,0.0,0.0,0.0,0.0
0.020600244,0.13124944,0.029443702,0.84611094,0.587067,898.76715,333.76443,0.020855583,0.045118134,0.01283638,-0.0076744575,0.094803,0.0039943424,1.2896355,0.00042946462,0.0,0.0,0.0,0.0,0.0,0.0,0.0,0.0,0.0,0.0,0.0,0.0,0.0,0.0,0.0,0.0,0.0,0.0,0.0,0.0,0.0,0.0,0.0,0.0,0.0
-0.0020411673,0.1443814,0.045687594,0.8751651,0.29570785,1489.4836,1228.5752,0.023645882,0.036997598,0.013765998,0.04146124,0.059104394,0.004530773,0.31126803,0.001954265,0.0,0.0,0.0,0.0,0.0,0.0,0.0,0.0,0.0,0.0,0.0,0.0,0.0,0.0,0.0,0.0,0.0,0.0,0.0,0.0,0.0,0.0,0.0,0.0,0.0
-0.028691009,0.13882156,0.028690545,0.91826975,0.7609039,337.93784,1002.29895,0.017705362,0.0072329007,0.009702367,0.025692524,0.030604625,0.018555298,1.67187,0.0028791658,0.0,0.0,0.0,0.0,0.0,0.0,0.0,0.0,0.0,0.0,0.0,0.0,0.0,0.0,0.0,0.0,0.0,0.0,0.0,0.0,0.0,0.0,0.0,0.0,0.0
0.04848047,0.12452772,0.043508597,0.83817464,0.28530294,1770.1095,555.3564,0.02394504,0.03637133,0.010880479,0.018255383,0.044638388,0.031255424,1.5668344,0.0030730963,0.0,0.0,0.0,0.0,0.0,0.0,0.0,0.0,0.0,0.0,0.0,0.0,0.0,0.0,0.0,0.0,0.0,0.0,0.0,0.0,0.0,0.0,0.0,0.0,0.0
0.04798472,0.060914572,0.034910806,0.6919511,0.42931157,1635.3467,301.82065,0.01563988,0.056261614,0.009376473,0.02148516,0.0622534,0.018655943,0.7268443,0.0008844915,0.0,0.0,0.0,0.0,0.0,0.0,0.0,0.0,0.0,0.0,0.0,0.0,0.0,0.0,0.0,0.0,0.0,0.0,0.0,0.0,0.0,0.0,0.0,0.0,0.0
0.018919019,0.1212315,0.022716967,0.84816474,0.5221792,224.45543,1144.8186,0.038723126,0.026022434,0.006417425,0.02648156,0.031492762,0.023001233,1.2723619,0.00028634456,0.0,0.0,0.0,0.0,0.0,0.0,0.0,0.0,0.0,0.0,0.0,0.0,0.0,0.0,0.0,0.0,0.0,0.0,0.0,0.0,0.0,0.0,0.0,0.0,0.0
0.016137088,0.13070276,0.021806905,0.6714823,0.50902474,1032.5558,1063.5029,0.020738075,0.036268935,0.009949283,0.04220059,0.04833482,0.019685004,1.3227563,0.0009021265,0.0,0.0,0.0,0.0,0.0,0.0,0.0,0.0,0.0,0.0,0.0,0.0,0.0,0.0,0.0,0.0,0.0,0.0,0.0,0.0,0.0,0.0,0.0,0.0,0.0
-0.0064608073,0.099617235,0.036592286,0.76036435,0.47534978,1535.9541,601.82056,0.010461126,0.0070789764,0.00808946,0.051540934,0.02877911,0.015692413,0.80319685,0.0008862836,0.0,0.0,0.0,0.0,0.0,0.0,0.0,0.0,0.0,0.0,0.0,0.0,0.0,0.0,0.0,0.0,0.0,0.0,0.0,0.0,0.0,0.0,0.0,0.0,0.0
-0.012103057,0.06950932,0.04281581,0.8324287,0.37337336,548.2789,519.6782,0.044812474,0.053344637,0.004670378,0.037935376,0.055256717,-0.0080695795,0.9577286,0.0013223228,0.0,0.0,0.0,0.0,0.0,0.0,0.0,0.0,0.0,0.0,0.0,0.0,0.0,0.0,0.0,0.0,0.0,0.0,0.0,0.0,0.0,0.0,0.0,0.0,0.0
0.0042466926,0.13978721,0.03660981,0.82971317,0.626971,-1.6837738,1222.6919,0.010881704,0.03396815,0.015624507,0.0667806,0.06511743,0.020064201,0.4229445,0.0021453863,0.0,0.0,0.0,0.0,0.0,0.0,0.0,0.0,0.0,0.0,0.0,0.0,0.0,0.0,0.0,0.0,0.0,0.0,0.0,0.0,0.0,0.0,0.0,0.0,0.0
0.0135551905,0.123423815,0.03797526,0.9789817,0.5809606,575.81494,1330.1852,0.010865991,0.053549282,0.01315496,0.06025182,0.04096548,0.017547699,0.58549637,0.00033743572,0.0,0.0,0.0,0.0,0.0,0.0,0.0,0.0,0.0,0.0,0.0,0.0,0.0,0.0,0.0,0.0,0.0,0.0,0.0,0.0,0.0,0.0,0.0,0.0,0.0
-0.010136402,0.13087192,0.014105637,0.7812331,0.20641154,1650.4491,808.4002,0.026407644,0.050737392,0.010690119,0.024989977,0.066561215,0.027693585,1.4583355,0.0004978688,0.0,0.0,0.0,0.0,0.0,0.0,0.0,0.0,0.0,0.0,0.0,0.0,0.0,0.0,0.0,0.0,0.0,0.0,0.0,0.0,0.0,0.0,0.0,0.0,0.0
0.0045400676,0.14389008,0.00779053,0.7349948,0.70495725,1051.4926,394.50305,0.009043709,0.035184085,0.008747509,0.06167151,0.0036886209,0.0052230377,1.3763108,0.0015857889,0.0,0.0,0.0,0.0,0.0,0.0,0.0,0.0,0.0,0.0,0.0,0.0,0.0,0.0,0.0,0.0,0.0,0.0,0.0,0.0,0.0,0.0,0.0,0.0,0.0
0.0116016315,0.11659324,0.0033518216,0.8993124,0.49770868,1000.1122,728.7681,0.03592426,0.0680538,0.0015614665,0.040485043,0.073442265,0.0085893795,1.3119434,0.001154809,0.0,0.0,0.0,0.0,0.0,0.0,0.0,0.0,0.0,0.0,0.0,0.0,0.0,0.0,0.0,0.0,0.0,0.0,0.0,0.0,0.0,0.0,0.0,0.0,0.0
0.011347055,0.114095174,0.022934109,0.7838842,0.29499537,366.31525,459.66687,0.009792813,0.039734934,0.012190919,0.068131305,0.07171146,0.02312152,1.3434447,-0.0006167593,0.0,0.0,0.0,0.0,0.0,0.0,0.0,0.0,0.0,0.0,0.0,0.0,0.0,0.0,0.0,0.0,0.0,0.0,0.0,0.0,0.0,0.0,0.0,0.0,0.0
0.038154308,0.12559189,0.014188685,0.74752873,0.29311877,146.59578,1033.0897,0.029060092,0.03954701,0.012605042,0.026625456,0.054930106,0.00693274,1.1143574,0.0012314103,0.0,0.0,0.0,0.0,0.0,0.0,0.0,0.0,0.0,0.0,0.0,0.0,0.0,0.0,0.0,0.0,0.0,0.0,0.0,0.0,0.0,0.0,0.0,0.0,0.0
0.0053237504,0.11000293,0.03268325,0.70000046,0.8177059,1616.5492,978.83746,0.016171819,0.056660566,0.010124097,0.02748083,0.055934876,0.014299723,0.9069081,0.0010376049,0.0,0.0,0.0,0.0,0.0,0.0,0.0,0.0,0.0,0.0,0.0,0.0,0.0,0.0,0.0,0.0,0.0,0.0,0.0,0.0,0.0,0.0,0.0,0.0,0.0
0.035525776,0.116718166,0.02896645,0.7148333,0.43588057,1398.0563,1268.0334,0.009741093,0.031048285,0.008445834,0.06093374,0.069875725,0.039420456,0.9533192,0.00025020525,0.0,0.0,0.0,0.0,0.0,0.0,0.0,0.0,0.0,0.0,0.0,0.0,0.0,0.0,0.0,0.0,0.0,0.0,0.0,0.0,0.0,0.0,0.0,0.0,0.0
0.033490874,0.11424491,0.021248173,0.81720185,0.37632322,357.4438,1229.7188,0.032899655,0.05701062,0.014155366,0.020637827,0.059436426,0.012161891,1.2483593,0.001199011,0.0,0.0,0.0,0.0,0.0,0.0,0.0,0.0,0.0,0.0,0.0,0.0,0.0,0.0,0.0,0.0,0.0,0.0,0.0,0.0,0.0,0.0,0.0,0.0,0.0
0.04326143,0.12636846,0.022494296,0.8447354,0.46424294,1578.3933,707.245,0.026241912,0.03138161,0.017241359,0.011489884,0.057424724,0.014755887,0.38027772,0.0014345013,0.0,0.0,0.0,0.0,0.0,0.0,0.0,0.0,0.0,0.0,0.0,0.0,0.0,0.0,0.0,0.0,0.0,0.0,0.0,0.0,0.0,0.0,0.0,0.0,0.0
0.023202244,0.17614312,0.050638255,0.71933377,0.48222587,1247.406,1519.6365,0.016521966,0.028165206,0.012391071,-0.018107187,0.031156437,0.027773138,1.4193003,0.0016812712,0.0,0.0,0.0,0.0,0.0,0.0,0.0,0.0,0.0,0.0,0.0,0.0,0.0,0.0,0.0,0.0,0.0,0.0,0.0,0.0,0.0,0.0,0.0,0.0,0.0
0.005417206,0.06948685,0.027742574,0.8798191,0.3315637,1058.2164,1486.5867,0.015914908,0.032341145,0.01708156,0.038062382,0.086704776,0.019130852,0.6364837,0.0029812246,0.0,0.0,0.0,0.0,0.0,0.0,0.0,0.0,0.0,0.0,0.0,0.0,0.0,0.0,0.0,0.0,0.0,0.0,0.0,0.0,0.0,0.0,0.0,0.0,0.0
-0.03467376,0.110286415,0.024661291,0.7195897,0.42573997,524.97723,837.2271,0.008255748,0.037279982,0.00118342,0.009871253,0.0859973,0.04139007,1.0350077,0.000720817,0.0,0.0,0.0,0.0,0.0,0.0,0.0,0.0,0.0,0.0,0.0,0.0,0.0,0.0,0.0,0.0,0.0,0.0,0.0,0.0,0.0,0.0,0.0,0.0,0.0
-0.028069412,0.17643896,0.028773464,0.79301304,0.32207006,890.55273,966.7901,0.031515744,0.075945206,0.003312313,0.035709325,0.056573786,0.029051134,1.3315588,0.0004464247,0.0,0.0,0.0,0.0,0.0,0.0,0.0,0.0,0.0,0.0,0.0,0.0,0.0,0.0,0.0,0.0,0.0,0.0,0.0,0.0,0.0,0.0,0.0,0.0,0.0
0.003751492,0.1445951,0.019679267,0.92738676,0.49707314,1370.6788,582.405,0.03185429,0.034937326,0.008581275,0.019484105,0.031036738,0.045428973,1.7488608,0.00093535933,0.0,0.0,0.0,0.0,0.0,0.0,0.0,0.0,0.0,0.0,0.0,0.0,0.0,0.0,0.0,0.0,0.0,0.0,0.0,0.0,0.0,0.0,0.0,0.0,0.0
0.022817127,0.14471842,0.017537704,0.70026076,0.6036154,1656.4047,1039.5049,0.0118974205,0.036709912,0.013203278,0.017836869,0.09323338,0.030137736,0.3464247,0.0015065315,0.0,0.0,0.0,0.0,0.0,0.0,0.0,0.0,0.0,0.0,0.0,0.0,0.0,0.0,0.0,0.0,0.0,0.0,0.0,0.0,0.0,0.0,0.0,0.0,0.0
0.021500561,0.08436183,0.027434375,0.6348341,0.6819678,1082.9911,1004.5201,0.0021102256,0.027617756,0.012415157,0.00691545,0.019553227,0.008632569,0.9836848,0.0011766296,0.0,0.0,0.0,0.0,0.0,0.0,0.0,0.0,0.0,0.0,0.0,0.0,0.0,0.0,0.0,0.0,0.0,0.0,0.0,0.0,0.0,0.0,0.0,0.0,0.0
-0.007988015,0.11267674,0.0427699,0.82795376,0.7617084,1607.0001,325.7965,0.013088833,0.0566524,0.005282712,-0.0009150219,0.024326311,0.02549255,1.1266283,0.0009426961,0.0,0.0,0.0,0.0,0.0,0.0,0.0,0.0,0.0,0.0,0.0,0.0,0.0,0.0,0.0,0.0,0.0,0.0,0.0,0.0,0.0,0.0,0.0,0.0,0.0
-0.01584369,0.13996634,0.029460477,0.81994,0.31923595,431.9576,788.79474,0.016631564,0.08326906,0.0045615328,0.056963123,0.0346827,0.029107753,0.37207112,0.00033466952,0.0,0.0,0.0,0.0,0.0,0.0,0.0,0.0,0.0,0.0,0.0,0.0,0.0,0.0,0.0,0.0,0.0,0.0,0.0,0.0,0.0,0.0,0.0,0.0,0.0
0.043490026,0.10645798,0.034777835,0.7622434,0.42218643,947.7416,554.67755,0.025256334,0.046649672,0.0065059867,0.03853203,0.0668077,0.0151659,1.0764074,-0.0022034352,0.0,0.0,0.0,0.0,0.0,0.0,0.0,0.0,0.0,0.0,0.0,0.0,0.0,0.0,0.0,0.0,0.0,0.0,0.0,0.0,0.0,0.0,0.0,0.0,0.0
0.0027104446,0.081203595,0.028678864,0.80002576,0.34093142,1478.1768,871.7201,-0.0010265122,0.014303042,0.014940949,0.044928633,0.043539576,0.022497816,1.1916265,0.00041801843,0.0,0.0,0.0,0.0,0.0,0.0,0.0,0.0,0.0,0.0,0.0,0.0,0.0,0.0,0.0,0.0,0.0,0.0,0.0,0.0,0.0,0.0,0.0,0.0,0.0
-0.00986911,0.1545863,0.0433112,0.7649781,0.7901499,655.1967,558.99316,0.029524952,0.0067901034,0.0132280905,-0.025792401,0.048208017,0.00857503,0.72445184,0.0015335059,0.0,0.0,0.0,0.0,0.0,0.0,0.0,0.0,0.0,0.0,0.0,0.0,0.0,0.0,0.0,0.0,0.0,0.0,0.0,0.0,0.0,0.0,0.0,0.0,0.0
-0.026907763,0.17929853,0.04453666,0.76838374,0.6041015,1221.8304,188.08969,0.013083873,0.063245185,0.014544954,0.02527665,0.046626423,0.010072653,1.0842276,6.363402e-05,0.0,0.0,0.0,0.0,0.0,0.0,0.0,0.0,0.0,0.0,0.0,0.0,0.0,0.0,0.0,0.0,0.0,0.0,0.0,0.0,0.0,0.0,0.0,0.0,0.0
0.023560397,0.13318092,0.035804372,0.74283534,0.5455966,722.4795,897.5424,0.012959159,0.044353403,0.00432755,0.044791788,0.04548405,0.01953259,1.0853407,0.0016465321,0.0,0.0,0.0,0.0,0.0,0.0,0.0,0.0,0.0,0.0,0.0,0.0,0.0,0.0,0.0,0.0,0.0,0.0,0.0,0.0,0.0,0.0,0.0,0.0,0.0
0.03149087,0.1430538,0.02411215,0.8060476,0.3740181,506.17776,932.98364,0.042514905,0.030366486,0.010379893,0.060909066,0.040960204,0.010498134,0.85085845,0.0012002111,0.0,0.0,0.0,0.0,0.0,0.0,0.0,0.0,0.0,0.0,0.0,0.0,0.0,0.0,0.0,0.0,0.0,0.0,0.0,0.0,0.0,0.0,0.0,0.0,0.0
0.030154824,0.21964149,0.018450478,0.4856974,0.6488682,1773.349,838.1064,0.022503935,0.06812419,0.0074806833,0.01553673,0.044048086,0.020977985,0.8949079,0.002010975,0.0,0.0,0.0,0.0,0.0,0.0,0.0,0.0,0.0,0.0,0.0,0.0,0.0,0.0,0.0,0.0,0.0,0.0,0.0,0.0,0.0,0.0,0.0,0.0,0.0
0.047802746,0.14924556,0.033249646,0.784142,0.2966309,1335.4075,936.43524,0.019300107,0.04035479,0.007598803,0.045551103,0.08348391,0.013838994,1.9874495,0.0010302713,0.0,0.0,0.0,0.0,0.0,0.0,0.0,0.0,0.0,0.0,0.0,0.0,0.0,0.0,0.0,0.0,0.0,0.0,0.0,0.0,0.0,0.0,0.0,0.0,0.0
-0.014080328,0.10171088,0.053808127,0.82873243,0.6316276,559.4317,1656.9235,0.034705397,0.010525548,0.006455052,0.023494069,0.0612503,0.03646291,1.5323833,0.00027240653,0.0,0.0,0.0,0.0,0.0,0.0,0.0,0.0,0.0,0.0,0.0,0.0,0.0,0.0,0.0,0.0,0.0,0.0,0.0,0.0,0.0,0.0,0.0,0.0,0.0
0.034431648,0.14915724,0.061222218,0.78598034,0.48060858,816.2624,1632.661,0.037752897,0.052528385,0.010743532,0.04007729,0.017419962,0.028468613,1.453111,-4.5608434e-05,0.0,0.0,0.0,0.0,0.0,0.0,0.0,0.0,0.0,0.0,0.0,0.0,0.0,0.0,0.0,0.0,0.0,0.0,0.0,0.0,0.0,0.0,0.0,0.0,0.0
0.03846201,0.13686083,0.026024312,0.6703888,0.47598386,967.3393,985.68427,0.035689373,0.012030037,0.0076755914,0.06778752,0.10598624,0.030345306,1.4292116,0.0025333064,0.0,0.0,0.0,0.0,0.0,0.0,0.0,0.0,0.0,0.0,0.0,0.0,0.0,0.0,0.0,0.0,0.0,0.0,0.0,0.0,0.0,0.0,0.0,0.0,0.0
0.020204965,0.12786591,0.013353318,0.8584959,0.41629833,996.9819,571.42053,0.035173297,0.049476217,0.0022489787,0.05468774,0.07437738,0.025286373,0.9185603,6.0015504e-05,0.0,0.0,0.0,0.0,0.0,0.0,0.0,0.0,0.0,0.0,0.0,0.0,0.0,0.0,0.0,0.0,0.0,0.0,0.0,0.0,0.0,0.0,0.0,0.0,0.0
0.022949664,0.13163571,0.0297582,0.79874736,0.58542234,1528.8784,468.97766,0.011254579,0.015482361,0.005061704,-0.0029742345,0.031851478,0.006963455,0.9162761,0.002510463,0.0,0.0,0.0,0.0,0.0,0.0,0.0,0.0,0.0,0.0,0.0,0.0,0.0,0.0,0.0,0.0,0.0,0.0,0.0,0.0,0.0,0.0,0.0,0.0,0.0
0.015844624,0.12617992,0.022596281,0.71907216,0.5012208,742.0896,783.1279,0.01830992,0.026688844,0.013079876,0.0353138,0.02109925,0.033846974,1.0792726,0.0009159037,0.0,0.0,0.0,0.0,0.0,0.0,0.0,0.0,0.0,0.0,0.0,0.0,0.0,0.0,0.0,0.0,0.0,0.0,0.0,0.0,0.0,0.0,0.0,0.0,0.0
0.029666968,0.07498958,0.027243858,0.76987135,0.53412056,100.3394,512.3658,0.021713868,0.05812873,0.0068467273,0.012164413,0.04422958,0.019075084,0.27487323,0.0012147707,0.0,0.0,0.0,0.0,0.0,0.0,0.0,0.0,0.0,0.0,0.0,0.0,0.0,0.0,0.0,0.0,0.0,0.0,0.0,0.0,0.0,0.0,0.0,0.0,0.0
0.00063789723,0.15535973,0.031393647,0.8471393,0.6666915,1001.6573,376.7558,0.016449975,0.027921084,0.008381873,0.06487379,0.08768487,0.023550458,0.84442544,0.0005464292,0.0,0.0,0.0,0.0,0.0,0.0,0.0,0.0,0.0,0.0,0.0,0.0,0.0,0.0,0.0,0.0,0.0,0.0,0.0,0.0,0.0,0.0,0.0,0.0,0.0
-0.0069882753,0.12723322,0.031344134,0.8254578,0.38686723,1675.5183,89.40591,0.01087441,0.024910262,0.013075256,0.03508988,0.07963834,0.012167852,1.3787272,0.0010617091,0.0,0.0,0.0,0.0,0.0,0.0,0.0,0.0,0.0,0.0,0.0,0.0,0.0,0.0,0.0,0.0,0.0,0.0,0.0,0.0,0.0,0.0,0.0,0.0,0.0
0.024960319,0.115535386,0.027165757,0.8236888,0.43112427,268.67093,543.07446,0.015359168,0.02766027,0.008247354,0.05813615,0.055967465,0.036138985,1.6648878,0.00038163603,0.0,0.0,0.0,0.0,0.0,0.0,0.0,0.0,0.0,0.0,0.0,0.0,0.0,0.0,0.0,0.0,0.0,0.0,0.0,0.0,0.0,0.0,0.0,0.0,0.0
-0.013350977,0.15817825,0.029453995,0.76729,0.48610228,690.83093,1480.4371,0.022379274,0.04121612,0.011321526,0.06481978,0.046793323,0.009036895,1.048022,0.00036304074,0.0,0.0,0.0,0.0,0.0,0.0,0.0,0.0,0.0,0.0,0.0,0.0,0.0,0.0,0.0,0.0,0.0,0.0,0.0,0.0,0.0,0.0,0.0,0.0,0.0
-0.0048517585,0.08882981,0.03124526,1.0183789,0.4788712,1598.8492,403.5284,0.02259039,0.049568035,0.00021937944,0.0073297387,0.034303587,0.02448788,1.7743467,-0.00032097,0.0,0.0,0.0,0.0,0.0,0.0,0.0,0.0,0.0,0.0,0.0,0.0,0.0,0.0,0.0,0.0,0.0,0.0,0.0,0.0,0.0,0.0,0.0,0.0,0.0
0.01359585,0.11207081,0.05043746,0.82345366,0.3800003,925.6211,150.3065,0.026684174,0.057415206,0.014604079,0.025035132,0.04459402,0.025982969,0.6759672,-0.0011371913,0.0,0.0,0.0,0.0,0.0,0.0,0.0,0.0,0.0,0.0,0.0,0.0,0.0,0.0,0.0,0.0,0.0,0.0,0.0,0.0,0.0,0.0,0.0,0.0,0.0
0.0045110267,0.16707523,0.018556228,0.8257738,0.7375393,957.74445,702.6693,0.030401679,0.03190546,0.005221998,0.026620485,0.0547782,-0.0011853178,1.1515743,0.0014855798,0.0,0.0,0.0,0.0,0.0,0.0,0.0,0.0,0.0,0.0,0.0,0.0,0.0,0.0,0.0,0.0,0.0,0.0,0.0,0.0,0.0,0.0,0.0,0.0,0.0
-0.019908413,0.12597677,0.04242616,0.8606683,0.54251933,1849.7748,611.97864,0.02822721,0.056240674,0.008082688,0.007846509,0.048549064,0.029830478,2.237065,0.0011932815,0.0,0.0,0.0,0.0,0.0,0.0,0.0,0.0,0.0,0.0,0.0,0.0,0.0,0.0,0.0,0.0,0.0,0.0,0.0,0.0,0.0,0.0,0.0,0.0,0.0
-0.004738026,0.12981841,0.025142131,0.88625103,0.39943248,161.49239,803.9722,0.03769032,0.0054941294,0.005232311,0.06742735,0.046712596,0.02215169,1.0958259,0.0013867595,0.0,0.0,0.0,0.0,0.0,0.0,0.0,0.0,0.0,0.0,0.0,0.0,0.0,0.0,0.0,0.0,0.0,0.0,0.0,0.0,0.0,0.0,0.0,0.0,0.0
0.007409727,0.15775569,0.016851233,0.7211063,0.35229298,763.6096,342.90305,0.017169928,0.059850536,0.009800845,0.049701355,0.05250464,0.018023476,1.0842115,0.0013946058,0.0,0.0,0.0,0.0,0.0,0.0,0.0,0.0,0.0,0.0,0.0,0.0,0.0,0.0,0.0,0.0,0.0,0.0,0.0,0.0,0.0,0.0,0.0,0.0,0.0
-0.009066508,0.13480274,0.03165425,0.5311945,0.5405538,1586.4438,379.06067,0.028836684,0.038879205,0.01086654,0.06597883,0.06677629,0.017133772,1.536948,0.002315915,0.0,0.0,0.0,0.0,0.0,0.0,0.0,0.0,0.0,0.0,0.0,0.0,0.0,0.0,0.0,0.0,0.0,0.0,0.0,0.0,0.0,0.0,0.0,0.0,0.0
-0.01603601,0.109164044,0.039028972,0.82485306,0.46420306,1054.1022,150.19122,0.009737887,0.02984377,0.008813141,-0.014510656,0.076750495,0.011546303,1.1392741,0.00072869635,0.0,0.0,0.0,0.0,0.0,0.0,0.0,0.0,0.0,0.0,0.0,0.0,0.0,0.0,0.0,0.0,0.0,0.0,0.0,0.0,0.0,0.0,0.0,0.0,0.0
-0.006752593,0.17010401,0.02653419,0.90487087,0.48361427,854.0268,711.5642,0.024005394,0.0013159873,0.0074749477,0.06176154,0.07401295,0.027170887,1.5061123,0.0011701139,0.0,0.0,0.0,0.0,0.0,0.0,0.0,0.0,0.0,0.0,0.0,0.0,0.0,0.0,0.0,0.0,0.0,0.0,0.0,0.0,0.0,0.0,0.0,0.0,0.0
-0.022202997,0.10433523,0.044943098,0.8830965,0.5976709,850.1591,461.01822,0.02416092,0.029448628,0.006516522,0.012834805,0.027635565,0.028170986,2.3182151,0.0027971403,0.0,0.0,0.0,0.0,0.0,0.0,0.0,0.0,0.0,0.0,0.0,0.0,0.0,0.0,0.0,0.0,0.0,0.0,0.0,0.0,0.0,0.0,0.0,0.0,0.0
0.023801174,0.09741079,0.032877907,0.66294235,0.5408663,1287.3542,936.55,0.0068978984,0.03136113,0.004397188,0.023290725,0.057389744,0.020263802,0.2506891,0.001877985,0.0,0.0,0.0,0.0,0.0,0.0,0.0,0.0,0.0,0.0,0.0,0.0,0.0,0.0,0.0,0.0,0.0,0.0,0.0,0.0,0.0,0.0,0.0,0.0,0.0
-0.006430661,0.14219497,0.025363127,0.79727703,0.63672346,2067.5522,987.54535,0.018165817,0.04993857,0.012555389,0.0148734115,0.06608778,0.0018766457,0.84514254,0.00011353502,0.0,0.0,0.0,0.0,0.0,0.0,0.0,0.0,0.0,0.0,0.0,0.0,0.0,0.0,0.0,0.0,0.0,0.0,0.0,0.0,0.0,0.0,0.0,0.0,0.0
0.031182328,0.12387038,0.013755053,0.78457826,0.36778456,1231.9255,1250.0267,0.027524646,0.084245056,0.009506023,0.0478113,0.02071784,0.020820284,1.5579967,0.0018762047,0.0,0.0,0.0,0.0,0.0,0.0,0.0,0.0,0.0,0.0,0.0,0.0,0.0,0.0,0.0,0.0,0.0,0.0,0.0,0.0,0.0,0.0,0.0,0.0,0.0
-0.013772195,0.098305985,0.045719184,0.7158638,0.6685733,1838.9148,889.23645,0.019363383,0.030079588,0.014380515,0.02262291,0.061607536,0.014331057,1.6440947,-0.00063925533,0.0,0.0,0.0,0.0,0.0,0.0,0.0,0.0,0.0,0.0,0.0,0.0,0.0,0.0,0.0,0.0,0.0,0.0,0.0,0.0,0.0,0.0,0.0,0.0,0.0
-0.0016592173,0.08880571,0.037001085,0.8430546,0.63463765,1477.7289,-3.2714365,0.00379094,0.045768544,0.009442308,0.018684916,0.06751242,0.009547472,0.9181904,0.00062957563,0.0,0.0,0.0,0.0,0.0,0.0,0.0,0.0,0.0,0.0,0.0,0.0,0.0,0.0,0.0,0.0,0.0,0.0,0.0,0.0,0.0,0.0,0.0,0.0,0.0
-0.02099246,0.103148036,0.038169343,0.8139183,0.6367054,496.38495,527.98004,0.00873784,0.06199606,0.010029753,0.01846341,0.026475284,0.01595386,1.2054224,0.0031170328,0.0,0.0,0.0,0.0,0.0,0.0,0.0,0.0,0.0,0.0,0.0,0.0,0.0,0.0,0.0,0.0,0.0,0.0,0.0,0.0,0.0,0.0,0.0,0.0,0.0
0.043890573,0.120589,0.028359832,0.7716531,0.67745334,422.80347,590.93726,0.022722553,0.05863737,0.0017088368,0.033301316,0.023380272,0.024757642,1.8930267,0.0020196154,0.0,0.0,0.0,0.0,0.0,0.0,0.0,0.0,0.0,0.0,0.0,0.0,0.0,0.0,0.0,0.0,0.0,0.0,0.0,0.0,0.0,0.0,0.0,0.0,0.0
0.03196072,0.14087556,0.03673646,0.69063634,0.24078526,1337.1241,1084.6887,0.020831237,0.0022358105,0.010777212,0.027134623,0.04188738,0.03720968,1.454139,0.00027575568,0.0,0.0,0.0,0.0,0.0,0.0,0.0,0.0,0.0,0.0,0.0,0.0,0.0,0.0,0.0,0.0,0.0,0.0,0.0,0.0,0.0,0.0,0.0,0.0,0.0
0.03697042,0.12943451,0.024241786,0.8787027,0.5012384,1922.9001,1206.9285,0.021302074,0.023119839,0.009178328,0.06918451,0.06090638,0.011077706,1.7027484,0.0016187491,0.0,0.0,0.0,0.0,0.0,0.0,0.0,0.0,0.0,0.0,0.0,0.0,0.0,0.0,0.0,0.0,0.0,0.0,0.0,0.0,0.0,0.0,0.0,0.0,0.0
0.036423147,0.12781209,0.039490994,0.681974,0.5563472,1103.5591,476.3734,0.0013743652,0.012091329,0.017154573,0.0019739275,0.0069824657,0.00821203,1.1772561,-0.0004028421,0.0,0.0,0.0,0.0,0.0,0.0,0.0,0.0,0.0,0.0,0.0,0.0,0.0,0.0,0.0,0.0,0.0,0.0,0.0,0.0,0.0,0.0,0.0,0.0,0.0
0.000594622,0.16364583,0.020989284,0.8670862,0.1947726,1345.6547,1012.96893,0.025763625,0.037324067,0.005000719,0.059208516,0.08131346,0.01515086,0.7527769,-0.00033211362,0.0,0.0,0.0,0.0,0.0,0.0,0.0,0.0,0.0,0.0,0.0,0.0,0.0,0.0,0.0,0.0,0.0,0.0,0.0,0.0,0.0,0.0,0.0,0.0,0.0
-0.0055132615,0.12875079,0.008537049,0.598692,0.420768,1100.9912,653.0255,0.028006222,0.073676884,0.00602381,0.020317296,0.06901394,0.018832281,2.0386026,0.0021062454,0.0,0.0,0.0,0.0,0.0,0.0,0.0,0.0,0.0,0.0,0.0,0.0,0.0,0.0,0.0,0.0,0.0,0.0,0.0,0.0,0.0,0.0,0.0,0.0,0.0
0.02108219,0.13881597,0.027324893,0.82148314,0.50553787,1995.3174,437.68817,0.0127977785,-0.0024227567,0.001770675,0.02704387,0.042350624,0.027249724,1.015493,0.0016523378,0.0,0.0,0.0,0.0,0.0,0.0,0.0,0.0,0.0,0.0,0.0,0.0,0.0,0.0,0.0,0.0,0.0,0.0,0.0,0.0,0.0,0.0,0.0,0.0,0.0
-0.029920904,0.100666076,0.028917346,0.7131979,0.4115088,887.4026,156.29008,0.0180023,-0.004146691,0.015040784,0.031992197,0.03757739,0.025500689,1.3176901,2.2998116e-05,0.0,0.0,0.0,0.0,0.0,0.0,0.0,0.0,0.0,0.0,0.0,0.0,0.0,0.0,0.0,0.0,0.0,0.0,0.0,0.0,0.0,0.0,0.0,0.0,0.0
0.011153668,0.09549314,0.036259875,0.9556208,0.5448565,1731.7017,852.829,0.017774358,0.057272326,0.0069826306,0.06048359,0.024382202,0.027639952,0.68712294,0.0019853252,0.0,0.0,0.0,0.0,0.0,0.0,0.0,0.0,0.0,0.0,0.0,0.0,0.0,0.0,0.0,0.0,0.0,0.0,0.0,0.0,0.0,0.0,0.0,0.0,0.0
0.03326734,0.13268106,0.032156043,0.85747385,0.591969,-489.19806,285.6665,0.03618629,0.02140693,0.0011921552,0.0501165,0.06928547,0.014201497,0.77759683,0.0024242965,0.0,0.0,0.0,0.0,0.0,0.0,0.0,0.0,0.0,0.0,0.0,0.0,0.0,0.0,0.0,0.0,0.0,0.0,0.0,0.0,0.0,0.0,0.0,0.0,0.0
0.018152192,0.11805674,0.03489622,0.77162343,0.4892854,909.9351,691.99414,0.02481658,0.035688125,0.010593344,-0.0016500289,0.035273295,0.024467174,0.9385872,0.0018151603,0.0,0.0,0.0,0.0,0.0,0.0,0.0,0.0,0.0,0.0,0.0,0.0,0.0,0.0,0.0,0.0,0.0,0.0,0.0,0.0,0.0,0.0,0.0,0.0,0.0
-0.007637294,0.16502655,0.042248227,0.7807207,0.4273317,410.98706,999.1398,0.01878018,0.033431403,0.0130318375,0.0324284,0.066521324,0.023100147,1.2631112,-0.0005842397,0.0,0.0,0.0,0.0,0.0,0.0,0.0,0.0,0.0,0.0,0.0,0.0,0.0,0.0,0.0,0.0,0.0,0.0,0.0,0.0,0.0,0.0,0.0,0.0,0.0
-0.0047505414,0.10265922,0.019173227,0.86666775,0.46798864,967.9654,975.2121,0.010901488,0.04189414,0.014858773,0.034507744,0.016750155,0.029964542,1.9745252,0.0016310144,0.0,0.0,0.0,0.0,0.0,0.0,0.0,0.0,0.0,0.0,0.0,0.0,0.0,0.0,0.0,0.0,0.0,0.0,0.0,0.0,0.0,0.0,0.0,0.0,0.0
0.017605659,0.1278664,0.027366154,0.7787668,0.5757736,1097.9598,221.67787,0.02674434,0.09440599,0.013702875,0.012778325,0.08072581,0.01811792,1.7012612,-0.001078746,0.0,0.0,0.0,0.0,0.0,0.0,0.0,0.0,0.0,0.0,0.0,0.0,0.0,0.0,0.0,0.0,0.0,0.0,0.0,0.0,0.0,0.0,0.0,0.0,0.0
0.013293532,0.12884684,0.041499052,0.78354144,0.59397227,859.1665,1003.12415,0.028480029,0.03224193,0.010501621,0.04557774,0.03997418,0.026284728,1.8345636,0.0012830194,0.0,0.0,0.0,0.0,0.0,0.0,0.0,0.0,0.0,0.0,0.0,0.0,0.0,0.0,0.0,0.0,0.0,0.0,0.0,0.0,0.0,0.0,0.0,0.0,0.0
-0.027640754,0.09113363,0.039021872,0.81753397,0.16699699,1768.3192,1187.4965,0.027155848,0.04152989,0.010502952,0.035060126,0.050094616,-0.004455326,0.58312726,0.00046595698,0.0,0.0,0.0,0.0,0.0,0.0,0.0,0.0,0.0,0.0,0.0,0.0,0.0,0.0,0.0,0.0,0.0,0.0,0.0,0.0,0.0,0.0,0.0,0.0,0.0
0.02426058,0.07806141,0.038547136,0.9268247,0.2995584,506.6096,964.4829,0.007576223,0.06314957,0.007701771,0.025931705,0.03520762,0.04057874,1.9119184,0.00073154725,0.0,0.0,0.0,0.0,0.0,0.0,0.0,0.0,0.0,0.0,0.0,0.0,0.0,0.0,0.0,0.0,0.0,0.0,0.0,0.0,0.0,0.0,0.0,0.0,0.0
-0.009108902,0.1295071,0.016166955,0.79814136,0.7183711,2019.13,638.45605,0.016189352,0.05288416,0.013458209,0.022811992,0.0561049,0.0060017225,0.32919323,0.0017467792,0.0,0.0,0.0,0.0,0.0,0.0,0.0,0.0,0.0,0.0,0.0,0.0,0.0,0.0,0.0,0.0,0.0,0.0,0.0,0.0,0.0,0.0,0.0,0.0,0.0
0.036566604,0.14600533,0.028364787,0.842653,0.6668222,1380.6747,234.96628,0.009389566,0.03818152,0.0046269307,0.0102565875,0.049943384,0.00813653,0.7819581,0.0018428082,0.0,0.0,0.0,0.0,0.0,0.0,0.0,0.0,0.0,0.0,0.0,0.0,0.0,0.0,0.0,0.0,0.0,0.0,0.0,0.0,0.0,0.0,0.0,0.0,0.0
-0.031616878,0.15806107,0.044881586,0.5864059,0.52777547,1438.2477,397.09647,0.010967312,0.03828577,0.007401363,0.0063338587,0.050358515,0.008315048,1.5081172,0.0018203182,0.0,0.0,0.0,0.0,0.0,0.0,0.0,0.0,0.0,0.0,0.0,0.0,0.0,0.0,0.0,0.0,0.0,0.0,0.0,0.0,0.0,0.0,0.0,0.0,0.0
