0,1,2,3,4,5,6,7,8,9,10,11,12,13,14
0.021597326,0.14418341,0.02246828,0.7973416,0.5119537,1001.0276,1057.9768,0.040128917,0.05414444,0.009634265,0.031183522,0.11367876,0.012619458,0.8371878,-0.0027781534
-0.013314449,0.104867905,0.034288906,0.81450874,0.52049315,726.70416,765.2127,0.0041887416,0.048606183,0.008116202,0.013583794,0.07100871,0.0014165646,1.4745804,0.0025776671
0.014720058,0.14088579,0.045166336,0.748113,0.35160136,1860.2294,813.59344,0.02568448,0.0386184,0.006491448,0.032354027,0.051141877,0.03289512,1.0111979,0.00095045223
-0.0065339687,0.15948424,0.04733307,0.670592,0.3104883,1120.2405,197.40053,0.030997751,0.025149638,0.0064142626,0.030445248,0.026782209,0.034985077,1.2961731,0.0025336877
0.009094293,0.11987103,0.043426014,0.81355906,0.40300003,825.64014,943.17224,0.0008120638,0.106030844,0.020772837,0.06286998,0.07737978,0.022520816,0.6267926,0.0019229243
0.017677506,0.11974458,0.016840616,0.6675845,0.16452466,1017.60754,1327.1803,0.013907793,0.051867712,0.011709605,0.005472239,0.018302595,0.027498776,0.45740935,0.004458423
0.03642021,0.09986102,0.03232114,1.0631536,0.60529786,1504.4163,1293.5889,-0.0015874247,0.024303894,0.014858531,0.0703632,0.059366163,0.018930523,1.8821908,0.0015778062
0.02170279,0.16028334,0.03339783,0.7001059,0.32258403,732.6132,532.0999,0.027922297,0.04108375,0.008523207,0.05340186,0.06853025,0.025420519,1.0605626,0.000599834
0.001720837,0.097456485,0.011869926,0.8233987,0.47754323,848.3876,1870.3553,0.01694414,0.03396972,0.011638285,0.05574296,0.043081813,0.01708818,1.904522,0.00040358183
0.038495436,0.15867627,0.036959197,0.8931331,0.4753958,943.5335,1302.9885,0.0057148286,0.034177307,0.006646654,0.038061675,0.049568024,0.025114357,0.7729574,0.00035905297
0.0017479145,0.1363093,0.043467544,0.81654704,0.4918526,333.8628,517.43195,0.024744691,0.028478539,0.014153345,0.008623302,0.0033509587,0.004696623,0.055129103,-0.0027372842
0.040127054,0.123717055,0.015486683,0.8866955,0.50004286,954.89777,1214.9022,0.008848806,0.048369,0.02145393,0.026228163,0.055065367,0.00811202,0.6281906,0.0006601962
0.015534291,0.074504755,0.030622773,0.827567,0.6240906,1587.6915,900.85266,0.012556336,0.05289409,0.015570459,0.01972507,0.05327675,0.030913834,1.1003034,0.00095979375
0.02154535,0.11936199,0.021828609,0.7890346,0.18085499,1238.9121,725.77136,0.008504034,0.048552386,0.0073250057,0.033074822,0.06967051,0.013917637,1.1169932,-0.000100313715
0.028485067,0.10977215,0.03640124,0.6921623,0.7153968,800.97546,990.82806,0.018499313,0.03338015,0.013966493,0.016625557,0.021118632,0.029583491,0.94069153,0.0028711115
0.0029544989,0.15703556,0.033512782,0.7475401,0.6890863,985.79254,654.623,0.0063663996,0.032737255,0.011920104,0.03414131,0.067126386,0.013350704,1.2000707,0.0017028747
-0.0061926497,0.0998688,0.015598819,0.87350607,0.38901657,440.72406,969.2791,0.015594393,0.054881427,0.012744626,0.019755982,0.048684638,0.028149365,1.3639916,0.0014428991
0.007358455,0.12980159,0.01922691,0.75818366,0.8058694,1159.9796,1053.8707,0.038323443,0.04932183,0.013580311,0.019170891,0.010878295,0.026081791,0.80402726,0.0017237761
-0.008396153,0.1345612,0.054522805,0.84169894,0.50036997,1027.8625,694.2609,0.025700428,0.049307514,0.008513002,0.042585846,0.09330725,0.031458564,0.7119653,0.002590917
-0.025533194,0.15137248,0.045230705,0.70306456,0.6810357,227.74948,1244.7169,0.015598623,0.04434435,0.0070092264,0.016572231,0.09242943,0.021249166,0.6540898,0.001056847
0.025895886,0.15461141,0.035159294,0.9063173,0.41959533,168.7036,1323.4757,0.018870397,0.047110315,0.00095113204,0.054667972,0.049634583,0.0078489175,0.8327396,0.0028085888
0.034750883,0.13960572,0.039683517,0.8923467,0.36502498,805.3083,728.8635,0.03802784,0.06528565,0.0012052977,0.048190728,0.05447277,0.015635846,1.3943485,0.00046938
0.020909056,0.063677356,0.024966395,0.753604,0.2500483,1411.4623,1091.7643,0.012839024,0.051456008,0.0015422865,0.019737309,0.050286993,0.015514683,0.9636469,0.0015434455
0.00040071935,0.11946388,0.025081197,0.6025142,0.37963444,1585.1447,1065.183,0.024329534,0.0068742307,0.006365312,0.02556178,0.045974456,0.0031556906,1.1976926,0.0004241507
0.0016928767,0.13409549,0.020933934,0.8377483,0.6385173,1269.5928,1092.0979,0.036677863,0.0015829754,0.008803377,-0.002162161,0.051070068,0.004701215,0.9725168,-0.001425194
0.034119565,0.1394511,0.026941888,0.7889629,0.5496416,1056.0671,773.8709,0.0025081043,0.068524845,0.010536456,0.029606378,0.06909681,0.024268778,1.594993,0.0012280662
0.03957018,0.14241025,0.035412356,0.9995446,0.32636964,301.6286,991.1551,0.028412657,0.045841202,0.020870999,0.010426942,0.056855384,0.014833914,0.04667288,0.0010991968
0.011250798,0.12239105,0.024825674,0.60163367,0.64746803,1229.3103,728.93274,0.012712165,0.06807877,0.0068283933,0.06539589,0.043090872,0.038224287,1.8955144,0.0008032158
0.044047646,0.08830241,0.030056791,0.72531384,0.6531077,916.4991,576.44116,0.03423964,0.038952332,0.009278795,0.0480033,0.051254686,0.014289299,0.7348207,0.00021090395
0.0028233342,0.15071942,0.014263837,0.865896,0.46249345,525.37634,1254.1625,-0.0037108078,0.02982269,0.012514766,0.03120474,0.053068392,0.01175905,1.1271857,0.0013897964
0.009310223,0.115945674,0.029373579,0.7817808,0.6045397,920.24335,490.02634,0.020149278,0.066137075,0.0062308493,0.033350818,0.05757461,0.021369865,1.1641078,1.7694929e-06
-0.0054551624,0.10124419,0.036981527,0.59266055,0.5931068,-270.03064,609.2209,0.025585493,-0.013567651,0.010104454,0.005711077,0.0560287,0.025980154,0.9516606,0.004138728
-0.021940261,0.107901394,0.031581163,0.77240336,0.5607142,762.6372,1163.3558,0.017498313,0.06325923,0.009854202,0.056112077,0.063295364,0.009750475,1.1568292,-0.0002332294
0.0025991886,0.120470844,0.02554764,0.9209651,0.3831042,1062.3513,1219.0239,0.015536237,0.02379778,0.015478092,0.02549278,0.030896876,0.020367218,1.525874,-0.0021700514
-0.0031217113,0.14921492,0.04160902,0.77794427,0.44660673,109.168396,852.89685,0.022818977,0.021547543,0.010752363,0.010113831,0.04517033,0.01935006,0.8134341,-0.0003774604
0.0074623944,0.10981415,0.01454243,0.87386334,0.49725592,1260.177,1029.813,0.023659797,0.031198956,0.015603247,0.010077238,0.08333816,0.02601365,0.9504239,-0.0006557786
0.032997712,0.116845295,0.018142631,0.9208908,0.63654894,1443.7917,709.76483,0.017388351,0.04350599,0.0042200396,0.024483291,0.050639845,0.008874704,1.3638855,0.0008594323
0.008367762,0.14411354,0.0060690306,0.8150934,0.5297968,941.29834,1533.242,0.026065161,0.037420083,0.0059319306,0.019588655,0.03680999,0.025364356,1.3004307,0.0015983053
0.024853265,0.13543548,0.029864645,0.8586783,0.42851764,425.7374,771.83746,0.041997023,0.058241174,0.009845989,-0.000660817,0.07095848,0.0066788695,0.5269936,-0.00014251971
0.0045268517,0.08338849,0.050260782,0.5774655,0.38918793,943.2305,776.66815,0.026556173,0.041859098,0.007211179,0.030757578,0.07138647,0.018449046,1.5524424,-0.0014723039
0.023411103,0.16279212,0.025768949,0.7674989,0.584752,1243.491,878.5567,0.02249281,0.019855756,0.01492984,0.025502577,0.06400139,0.023023702,1.1908141,0.004111654
0.03244467,0.14166243,0.03874477,0.9328596,0.5308309,810.5558,279.20026,0.017261716,0.08434968,0.011538889,-0.013072347,0.027589602,0.030239593,0.6123583,0.0024220326
0.01671758,0.1624252,0.03494204,0.5913811,0.52557415,1628.2845,894.69147,0.0025872618,0.024987435,-0.0018452675,0.012771235,0.045864444,0.017992577,0.87181705,0.0023976886
0.045183986,0.106332585,0.05483283,0.73727566,0.3803983,1727.2913,390.07974,0.015948867,0.043843646,0.009518468,0.023967396,0.021491457,0.020136172,1.3538007,0.00023066421
0.028517552,0.12808627,0.030593751,0.8376596,0.6656427,1391.6521,221.17595,0.020399392,0.044959363,0.012161714,0.037077464,0.06578964,0.0064683333,1.1564076,0.0031578601
0.0074023562,0.10744044,0.05563236,0.802058,0.7200264,1455.686,1049.2124,0.030342799,0.06003837,0.0099074235,0.018533038,0.054484233,0.022121374,0.9028493,-0.0010288684
0.020414377,0.11983722,0.046496302,0.94087917,0.65551555,1440.995,971.32446,0.023787018,0.035656545,0.013725018,0.0023800905,0.039832793,0.022797843,1.578787,0.0026768954
-0.034573827,0.10359961,0.025595173,0.8072103,0.25056973,963.3766,885.0275,0.022449873,0.03439377,0.0035206322,0.056831177,0.020829663,0.04159991,1.2688184,-0.0003488718
-0.003818073,0.098390445,0.03641199,0.76134324,0.6114589,313.86206,897.43024,0.019750837,0.04342228,0.0050886394,0.060599193,0.01600536,0.031425074,0.6862032,-0.00024114724
0.04706624,0.12429449,0.025400905,0.65004873,0.38350797,629.20654,996.007,0.02499383,0.028875114,0.014452847,-0.0026623202,0.06455215,-0.003231951,0.12199373,0.00287554
0.032650568,0.16965888,0.027482416,0.6973501,0.46198642,1244.8995,-138.07678,0.027636923,0.046144005,-0.0027633451,0.036604036,0.0604588,0.0047295257,0.94918007,0.00471737
0.044783913,0.11057481,0.033634152,0.8337784,0.560436,971.36163,347.11328,0.040573075,0.05901007,0.004442136,0.040250573,0.02466074,0.021547642,1.5623926,0.00071964203
0.024522651,0.14803319,0.038211614,0.81036437,0.41340742,2290.7021,1651.5446,0.02353469,0.05237661,0.011263529,0.03295227,0.062000327,0.011218793,0.64800036,-0.00016433076
0.007555277,0.13925803,0.0224709,0.67952234,0.4440212,1777.4467,694.39087,0.0037946515,0.058373973,-0.0032376288,0.012642321,0.006576439,0.024463784,1.2430087,-0.0007410726
0.014154112,0.12225769,0.027347881,0.91898155,0.494673,1222.1117,619.1484,0.022750542,0.082426794,0.01833002,-0.020178376,0.05350543,0.008532186,0.9952172,0.0010260644
0.012090089,0.113616325,0.020874975,0.760371,0.7776311,964.5196,425.6802,0.024534171,0.010512113,0.011368933,-0.007625424,0.06427983,0.0171726,0.8412892,-0.0015769631
0.0035662637,0.15160766,0.018790992,0.85686004,0.5977968,1043.2312,250.64394,0.028583817,0.05114286,0.0073748324,0.013922531,0.052603472,0.013386554,0.55574244,0.00031277415
0.022796493,0.13519727,0.031186925,0.67043185,0.47596923,1397.6256,840.876,0.020858625,0.014942124,0.0036486157,0.0040626703,0.066370256,0.0026478877,0.7894215,-0.00040893478
0.0028859572,0.16523483,0.028022304,0.75045884,0.44708905,1734.0356,929.294,0.015314045,0.048789665,0.013412012,0.026320562,0.051220033,0.021731187,1.2132398,0.000754902
0.012981723,0.08632758,0.0342746,0.7581756,0.6586153,2087.5183,454.8507,0.00939595,0.0074008876,0.013564719,0.042712092,0.022929408,0.021230472,0.09862403,-0.00094501255
0.022453628,0.120051935,0.03272062,0.7785119,0.54950494,682.5125,1494.8617,0.002094707,0.036980428,0.019244434,0.021834597,0.059098765,0.0112407785,0.8226506,0.0005462781
-0.0063332696,0.09113488,0.04140585,0.66186637,0.54553545,1669.8066,1415.389,0.026913662,0.046674237,0.010192798,0.035177425,0.051875453,0.020234782,1.157816,1.0321266e-05
-0.0057074414,0.096418686,0.038964514,0.6899613,0.31294388,768.2953,1332.9777,0.01602217,0.028828671,-0.00036664857,0.051625084,0.085572444,0.00318738,1.262215,0.0016634898
0.031201933,0.10059244,0.023849262,0.7805186,0.41122717,985.9276,630.02264,0.0054069087,0.049791537,0.0139287505,0.028865427,0.08240867,0.026593316,0.8070685,0.0006297803
-0.012971791,0.094900206,0.045186326,0.9351592,0.62372065,1154.5995,419.55225,0.021342698,0.036199573,0.012778105,0.03199385,0.06577869,0.007947126,0.8825767,0.00015927423
-0.0006888864,0.07903179,0.012614711,0.69438535,0.34752744,1602.9514,882.161,0.013637998,0.06673371,0.013136725,0.00914971,0.020839777,0.01785672,1.4237292,-0.001010487
0.025255011,0.14064264,0.01919008,0.7830159,0.6421381,1336.2211,607.66315,0.013170524,0.012424637,0.01675722,0.02396799,0.040817138,0.020047791,1.5348699,0.0002748326
0.0076870113,0.08392874,0.017536413,0.7963643,0.30891076,643.3399,900.3851,0.021531716,0.031176874,0.018429345,0.044945896,0.026918544,0.016106343,1.2704334,0.00065931655
-0.0012454154,0.16826583,0.027743565,0.7214177,0.5402989,675.0037,122.949715,0.025468621,0.06108934,0.01553241,0.01645415,0.028176472,0.012093312,0.7131095,0.0007572188
-0.023498742,0.100269005,0.036508426,0.65509677,0.41400823,1413.3943,584.5424,0.028388388,0.03585635,0.021045484,0.055012714,0.002297522,0.02633618,1.1997359,0.0014549838
0.033777483,0.08229866,0.019343782,0.9618484,0.26898146,1260.1428,581.51556,0.0122566335,0.02978688,0.0035398211,0.051092975,0.044246446,0.03388436,1.0319853,0.00085768563
0.008152366,0.15738939,0.05000263,0.7739289,0.14765029,1129.8965,975.16766,0.019958183,0.021499138,0.0011216798,0.031958412,0.04872514,0.014848409,0.9248615,-0.00010297971
0.0100374315,0.139115,0.01546461,0.8570751,0.48730794,668.53326,724.6782,0.00512903,0.055661593,0.0064566564,0.042604398,0.045315627,0.023877583,0.54239976,0.0020068819
0.018709484,0.08563789,0.028863825,0.8057684,0.8695504,252.28273,409.65125,0.022026766,0.039155122,0.011175696,0.020600365,0.05465205,0.017426006,0.5050517,0.0019077517
0.038162827,0.090405814,0.03695421,0.8410672,0.53176874,501.01794,-154.50505,0.017253669,0.05920365,0.0038551555,0.018657867,0.023861477,0.01787532,0.5986378,0.0019852074
0.013380683,0.17123426,0.0194432,0.67673546,0.50872743,482.85327,664.04224,0.023979716,0.022836193,0.010192987,-0.008149082,0.010752949,0.01401483,1.519015,0.0007288881
0.0024217507,0.08714093,0.024646582,0.70701945,0.4499843,845.1583,1156.0479,0.02317591,0.03063261,0.008985669,0.053425927,0.0392928,0.029681595,1.1836156,0.00047095443
0.017730402,0.10947638,0.030221146,0.6114568,0.56118196,1483.0962,847.21515,0.030074874,0.030261643,0.0037090043,0.04337239,0.0753909,0.022542438,0.7370538,-0.0008960918
0.03451771,0.112666056,0.036139477,0.6402185,0.33691704,648.0482,344.21005,0.030241754,0.037666738,0.014800967,0.08106171,0.031582166,0.030877566,0.7189163,0.0017394496
-0.012081819,0.15796283,0.025215315,0.861312,0.27376512,2387.5144,747.90045,0.01488249,0.0390831,0.0072380207,0.016146326,0.06719369,0.0073244474,1.4695224,0.0013385244
0.0034664397,0.1562362,0.030973947,0.80362964,0.5591169,868.3943,289.6404,0.019008081,0.035928283,0.016172748,0.043252323,0.05945919,0.009681954,-0.30454922,-0.0028024323
-0.015489962,0.1257762,0.028218118,0.6442965,0.6677994,951.51385,882.26984,0.004165548,0.064765915,0.014703148,0.005480201,0.022623958,0.024822827,1.1297168,0.00096072076
0.0113331145,0.09226222,0.024839967,0.7003323,0.47136164,848.0209,713.55963,0.0254065,0.027784044,0.010808857,0.006181597,0.029249674,0.028729063,1.2558767,0.0010686335
0.044697527,0.12019509,0.03253524,0.6740406,0.49320197,710.0506,621.22205,0.025170306,0.075252995,0.004323666,0.028385615,0.064719245,0.017133327,1.4342736,0.001705331
-0.004854062,0.14341088,0.036051787,0.9570701,0.16285838,1081.1478,434.4088,0.0072792433,0.038923435,0.0059155524,0.024509355,0.06789635,0.017267512,1.0598584,0.0008951293
0.010371141,0.09916104,0.017895497,0.7242447,0.44287255,1103.8855,1176.9465,0.031358186,0.02022948,0.008715045,0.02958624,0.063996054,-0.006614473,0.5136195,0.0013101228
0.019614529,0.15958631,0.038025208,0.8462105,0.44521698,1180.7499,-5.2874904,-0.0046119834,0.07488839,0.0066380054,0.049425937,0.096295394,0.0135160545,0.46524912,0.00017180256
0.018873625,0.11826599,0.013822332,0.7372254,0.25745252,629.1291,1069.5627,0.012020755,0.06763748,0.011823047,0.03138229,0.06494998,0.020314569,1.2036458,0.001421201
0.035784602,0.14987956,0.019017074,0.6509933,0.6243497,127.71845,96.97621,0.02374195,0.03415993,0.013823508,0.061443105,0.05537474,0.027216952,-0.1970865,0.0016412035
0.0029827934,0.13561387,0.039326176,0.9891938,0.3425608,1025.579,961.9587,0.017834647,0.054923408,0.010764119,0.04133101,0.02529414,0.027827248,1.181451,0.0026346091
-0.0027054546,0.12524478,0.0043602353,0.92342436,0.6889009,501.38693,597.83997,0.01579142,0.037819892,0.009984234,0.03995656,0.050538585,0.012691356,1.0718932,-0.0010197202
-0.0042250827,0.1251092,0.014098897,0.7167114,0.59874374,448.0559,411.33145,0.02249353,0.05231839,0.009217188,0.015924525,0.055373393,0.012876626,1.2697805,0.0009976784
0.013800949,0.11277202,0.036220443,0.8117271,0.7974116,352.32425,22.550245,0.015980154,-0.0009665934,0.014791587,0.04789108,0.02306095,0.027608883,2.121155,-0.00087496504
0.004337687,0.12279877,0.0401929,0.8829112,0.3368008,823.3959,855.28613,0.02592476,0.046978883,0.017188096,0.035943117,0.042145055,0.027580531,0.72670066,0.0019465308
0.0044584055,0.18005095,0.020054938,0.7934021,0.57846725,903.8713,581.13025,0.0022404343,0.036021493,0.009527681,0.05471179,0.037790176,0.021375254,0.2653922,-0.00044256495
-0.008005124,0.16369827,0.024476795,0.8214873,0.15732463,1210.7834,395.5292,0.019357739,0.054914292,0.008056391,0.020830791,0.06577839,0.02439373,0.7405298,-0.0029255576
0.05984402,0.113902666,0.02735889,1.0251383,0.5265481,1879.3174,792.0003,0.012826559,0.022640172,0.014492772,0.047867537,0.042875934,0.019853937,1.2077719,-0.00074533944
0.013691325,0.100675024,0.03383099,0.8892605,0.41734418,341.572,1155.2789,0.020314338,0.03495583,0.009703152,0.012825639,0.040425405,0.025038661,0.8637121,0.0011155007
0.005161154,0.08049067,0.050752494,0.6269715,0.4170074,1418.2411,305.89984,-0.0064983643,0.039686274,0.013772179,0.033340693,0.049635645,5.4347212e-05,1.5128405,0.00061142474
0.06449802,0.15374845,0.027703194,0.8527492,0.32511026,1079.3358,1437.4314,0.01527489,0.06460281,0.0057122763,0.037434038,-0.0030811147,0.017584668,0.7383632,0.0014190429
0.018748228,0.05286752,0.024780303,1.037759,0.37026387,1167.45,514.38885,0.013603654,0.023815053,0.005510494,0.053607028,0.06944156,0.0019346814,1.2708093,0.0029535205
-0.0013134193,0.1326636,0.040587664,0.6911222,0.5429672,1160.2423,1003.8175,0.019937888,0.02960468,0.009903851,0.046827342,0.0597027,0.024485303,0.37225062,0.00066365115
0.01947033,0.10431647,0.022740431,0.63342786,0.3416842,494.17578,1322.6226,0.03214776,0.07294985,0.0136477705,0.042627178,0.07460438,0.0036016149,0.45390746,0.0010475749
0.031879187,0.1195003,0.04026371,0.76882756,0.55598307,1107.0325,576.1692,-0.0009941277,0.06853291,0.01652982,0.015275504,0.056438897,0.014020909,1.4604844,0.0013773295
0.013224791,0.114154726,0.03873555,0.90812176,0.44202664,1077.9268,922.46844,0.003370265,0.058773283,0.010590164,0.052320134,0.059809476,0.031059219,1.1749486,0.002070092
-0.0101355575,0.15440254,0.017940575,0.7575984,0.37596184,972.5917,1022.311,0.03424684,0.041017383,0.012028514,0.04619291,0.035042986,0.017900547,0.8917472,-0.0018198099
-0.009744666,0.12589854,0.023643507,0.9394041,0.38464963,2200.1165,791.26294,0.023835992,0.020351311,0.01892386,0.017714843,0.051623262,0.03533698,1.0108527,-0.0010068392
-0.007965468,0.14512175,0.032794744,0.7472253,0.481989,1228.4705,793.0533,0.018155593,0.08695559,0.009404269,0.049628224,0.09632938,0.017092502,0.7237261,0.0019868515
0.040093135,0.14738895,0.025630271,0.75072354,0.3526287,1162.6571,1084.9635,0.025462506,0.025237588,0.0059810295,0.03711918,0.07666694,0.023163965,1.3847079,-0.0012240158
0.03773922,0.10538182,0.034513883,0.92185056,0.5964602,1736.2122,288.3399,0.02007275,0.03039688,0.017850535,0.041050512,0.017319093,0.031831466,0.49508566,-0.0010665583
-0.013320007,0.16425583,0.015892103,0.88984346,0.56739914,645.5449,351.96277,0.012500321,0.057485826,0.015532629,-0.0024125613,0.05715875,0.026117995,1.0176189,0.00091567484
-0.02693425,0.11158272,0.026675891,0.7969222,0.70270306,1539.5621,353.75723,0.009361434,0.01636816,0.022880748,0.015326467,0.11478448,0.016584234,1.511328,0.002343609
-0.012430852,0.14442089,0.024974251,0.9524348,0.39687005,1725.4451,111.49261,0.01715883,0.03881284,0.016901232,0.030096259,0.034497887,0.021206422,1.4673849,0.0008378703
0.0009952477,0.15428342,0.021423746,0.83709234,0.6677813,1029.9996,1233.5647,0.027893081,0.016267365,0.009441794,0.05117486,0.05707262,0.017509542,1.3077997,0.00031093968
0.008559889,0.14118959,0.03332966,0.7038252,0.43677238,868.5889,361.45877,0.025138924,0.06312692,0.0059025288,0.047920592,0.0761157,-0.0014338053,0.16847354,6.381604e-05
-0.00040734926,0.13350247,0.027475486,0.81930524,0.56237173,787.94934,1315.9414,0.016288223,0.044670556,0.0070242956,0.039701425,0.030477047,0.02810802,1.4472157,0.0015920467
-0.0020129485,0.13544847,0.021755973,0.72601724,0.18629277,875.53455,1104.3444,0.02677966,0.03410394,0.0041825916,0.035523467,0.028269403,0.014977835,0.7083447,0.001537688
0.03029412,0.14273916,0.0377583,0.7549725,0.69357806,1175.8406,1351.466,0.027474321,0.063079216,0.009543058,0.032175194,0.024616305,0.0132196825,0.7772072,0.0015162877
0.0018940126,0.11097372,0.02157257,0.81012213,0.38063183,917.6599,420.76108,0.022663115,0.01608871,0.010045535,0.0061391476,0.041262187,0.018837538,0.6312435,0.00092005526
-0.008633668,0.12337088,0.011405584,0.8808075,0.3776383,1236.5938,1311.5731,0.006593188,0.056812186,0.0051111104,0.0356337,0.040025394,0.014197416,1.1656823,-0.00083626405
0.021704242,0.16209063,0.024745164,0.8737732,0.67611915,845.01013,838.4705,0.027627666,0.055278845,0.005559108,0.024311705,0.04719608,0.0138237905,0.5623891,-0.00028727282
0.008953506,0.09562121,0.017305322,0.8179648,0.5198293,1363.217,1040.5808,0.0023928732,0.045233916,0.0022741754,0.0077230604,0.04046228,0.0151254255,0.13213602,0.0040982864
-0.01059696,0.10067368,0.020536555,0.9937599,0.6580943,930.70233,942.51416,0.030679755,0.029807284,0.01639392,0.036121704,0.044132654,0.013444832,1.9224681,0.00021796848
0.046122435,0.15542753,0.047116935,0.92965376,0.60083985,291.4828,497.29092,0.018849013,0.06542725,0.01307692,-0.0003003003,0.040624287,0.017530594,0.7814819,0.0026167792
0.031836566,0.09308496,0.04383679,0.71084917,0.7242594,609.7726,1183.6705,0.019763008,0.053619865,0.010475281,0.054916188,0.07525174,0.0033270668,0.13796507,0.0015250517
0.0305628,0.16655472,0.029108522,0.87653685,0.5027322,1598.1318,728.29315,0.010762397,0.024108898,0.008239966,0.040036537,0.07756417,0.018589064,0.2573655,0.0028506368
-0.003340066,0.123679504,0.037568744,0.869047,0.46173185,1160.0138,1395.9066,0.01581997,0.036200635,0.011345366,0.04319575,0.029448332,0.0006097909,1.1696575,0.00042641914
-0.0063433717,0.12829077,0.016188592,0.7506497,0.3767219,617.2683,1073.4891,0.035442736,0.0033488916,0.010612192,0.037155762,0.04218134,0.022052027,0.49818087,-0.0016485542
-0.0006924266,0.120800555,0.028364629,0.6219285,0.5377059,341.50928,713.6116,0.011250208,0.02827859,0.013802455,0.016478056,0.058670945,0.019282863,1.5700824,-0.00012050703
0.019040788,0.15540443,0.036464494,0.88400275,0.6963343,842.2869,1136.8125,0.009106653,0.0013767431,0.012244502,0.022366792,0.044583526,0.015333938,0.2183094,0.0019207597
0.0011552625,0.08773522,0.026441809,0.8543415,0.57600015,904.9281,142.16982,0.024962917,0.08375526,0.004852867,0.06013168,0.055339422,0.019832777,1.2926362,0.0010381886
0.015663406,0.095428124,0.033600334,0.55278146,0.5696684,1271.0088,712.1626,0.016213102,0.047768496,0.010555692,0.039027344,0.08882033,-0.00028421346,1.9056512,0.0020303978
-0.0013874273,0.12422524,0.03706321,0.9132667,0.43055356,-143.38808,642.07227,0.030711612,0.017628824,0.008002612,0.03369017,0.03745523,0.028109923,1.3887515,0.0010500911
0.03324223,0.13681903,0.030408174,0.9824602,0.35624775,1397.4564,226.55365,0.012882949,0.0331129,0.0065807034,0.030678226,0.05570764,0.0077550206,0.59383494,0.002471652
0.01378343,0.10489659,0.009319628,0.84844476,0.5385681,1199.1075,1175.7042,0.012591002,0.08428683,0.0082707545,-0.009986311,0.086696096,0.015322151,1.0669116,0.001307386
0.029190091,0.13340475,0.05044111,0.8202896,0.53200495,972.04016,868.0664,0.02369787,0.06098765,0.010322209,0.03699472,0.06783191,0.024480607,1.6946278,0.0010553832
0.008610717,0.1431352,0.03943436,0.7241392,0.56062394,850.55023,425.83582,0.030956222,0.05034493,0.006812045,0.041923888,0.06964397,0.016933896,1.6038563,0.0018473105
-0.0070319856,0.15169269,0.036513176,0.6803502,0.215969,988.298,614.6249,0.010480116,0.03397276,0.015898326,0.008173933,0.018702772,-0.0018749407,1.2407212,0.0012007023
-0.019032955,0.08650551,0.0036026854,0.736884,0.6872762,879.0827,1238.0511,0.030732207,0.025729371,0.015651815,0.03390034,0.021033276,0.020781962,0.963761,-0.0017046968
0.012359628,0.0914359,0.01986076,0.774331,0.29988798,1004.3377,832.5074,0.035783645,0.04311164,0.009035775,0.028121285,0.07855999,0.014027954,1.9942987,0.003088855
0.008263041,0.10858737,0.038712703,0.89426666,0.70562315,1452.1265,1397.4354,0.016366212,0.04520912,0.009910898,0.057111938,0.031654,0.010832307,1.1932926,0.0005054531
-0.005124948,0.14041482,0.021360839,0.80068195,0.60093564,1538.2465,703.61786,0.02256708,0.044327438,0.006175722,0.027510568,0.07472034,0.0038274555,0.15448421,0.0032431968
0.01830308,0.12130183,0.028158093,0.86018246,0.4793007,1521.0001,-217.41612,0.029694911,0.05540409,0.011824629,0.03854195,0.047918558,0.036514033,1.2839804,0.0025436538
-0.004578594,0.1462947,0.03241746,0.64794564,0.38195175,1502.5061,662.22284,0.017418433,0.037385255,0.016992282,0.0372736,0.05358554,0.027643666,0.67755103,-0.0001077614
0.01162483,0.1529384,0.016118906,0.86485183,0.21424769,1326.6115,818.6495,0.03180307,0.014723762,0.006898221,0.035369568,0.0018742396,0.011471221,1.7532228,-0.0006119191
0.012549511,0.07632725,0.031491097,0.91073966,0.59543025,178.83571,553.80426,0.030375546,0.023238359,0.014900924,0.030791039,0.04361651,0.00858918,1.3301909,0.0013451673
0.014728213,0.124502726,0.029209401,0.8427956,0.31293675,552.851,1659.0817,0.012866748,0.041268483,0.00849665,-0.0011493572,0.0128530925,0.018674077,1.7314652,0.0020897237
0.023442414,0.11398324,0.035418496,0.6933506,0.6049532,1345.9429,289.34775,0.016065985,0.044824224,0.009507438,0.007102671,0.03597822,0.0017964743,1.3171717,0.003381118
-0.024581868,0.04935654,0.019521566,0.6916858,0.27892238,162.95715,894.33264,0.025563478,0.05641471,0.00934931,0.01571054,0.06300946,0.026766038,1.6445599,0.00029746036
-0.017864779,0.1335138,0.010566443,0.88472676,0.5712485,1621.8652,950.2311,0.032243095,0.034004726,0.013257567,0.04032198,0.06614797,0.053540405,0.19530244,0.00034181325
0.0038555674,0.16366577,0.024526874,0.67147595,0.4048786,310.64325,1576.3959,0.02861083,0.03594404,0.0065498594,0.001452067,0.06062251,0.020331683,0.2739037,0.0005196429
0.021295108,0.111894,0.017716974,0.8261635,0.22070123,454.04514,679.1655,0.014525766,0.025440292,0.006832678,0.06427816,0.07809511,0.01837072,1.4491758,-0.0006864466
0.008481423,0.10231197,0.032431494,0.8871326,0.5143735,292.4329,884.14764,0.033662207,0.028289631,0.015057696,0.036270466,0.06963022,0.0247507,0.6152959,-0.00068738405
-0.04164158,0.1538662,0.019375198,0.704079,0.8642194,193.30441,754.681,0.040994797,0.046332486,0.018265205,0.034242716,0.035039075,0.019513601,1.6005849,0.002400609
-0.0014056659,0.123293124,0.018612232,0.77991146,0.20544527,575.183,1347.237,0.0071538826,0.035586614,0.01042152,0.026121013,0.069542184,0.0016534857,1.0921742,0.0015521417
0.010868659,0.13229737,0.03533317,0.9153891,0.44193864,663.0257,293.40515,0.023247661,0.029199207,0.01544655,0.037780408,0.020199535,0.020717246,1.2464942,0.0007765372
0.00061699137,0.12876277,0.016445458,0.8444502,0.55910605,818.66956,2171.2732,0.01305987,0.05729921,0.0145604545,0.052134473,0.0459486,0.013759103,0.51751393,0.0020285475
0.012564913,0.16938333,0.046890277,0.9574742,0.51358575,511.1596,1194.5178,0.019922232,0.01565918,0.0025290637,0.053215437,0.053195,0.035298362,0.61766756,0.0035366723
0.04962872,0.07531281,0.029824816,0.706567,0.83520705,1721.6431,660.7272,0.016285993,0.0348065,0.0047244607,0.025186112,0.006138072,0.02615694,1.1980861,0.0009758505
-0.031405713,0.16314743,0.025511375,0.76713556,0.48397297,256.401,578.9486,0.01912767,0.022361347,0.008319696,0.032198608,0.069685735,0.015960934,0.8651001,0.0021953192
-0.012070953,0.1280636,0.021033688,0.70419663,0.47451225,1044.9608,221.17976,0.018189458,0.028051997,0.009927471,0.05625718,0.06291223,0.032776907,1.6753156,-0.00032790744
-0.0075804302,0.1704078,0.03992443,0.7818914,0.2874572,1202.339,1541.0271,0.025607452,0.04623239,0.0014085111,0.029088482,0.058140613,0.026223296,1.1035,0.0006644103
0.0029228197,0.12693034,0.027456352,0.9435872,0.2835599,938.1032,1503.0612,0.015786631,0.05299301,0.011514878,0.047737367,0.04390362,0.013647216,1.2873449,0.0016458053
0.0119167715,0.14189117,0.022759931,0.5577056,0.72505623,1211.6165,474.84775,0.017932085,0.032137085,0.008986815,0.011392259,0.023127772,0.012089401,1.640429,-0.00057425746
0.019897591,0.14241937,0.026640113,0.8833308,0.3725963,1258.0542,1575.3611,0.041000377,-0.00038924895,0.011795732,0.018664928,0.06438229,0.032044943,0.8253566,-0.00028678006
0.0030655535,0.11548122,0.022450048,0.69611716,0.3672082,1630.633,538.2991,0.017831512,0.059203614,0.012336034,0.012930903,0.024162512,0.0064414097,0.82832855,0.0024756994
0.020382503,0.12743032,0.028293204,0.8306495,0.57557094,876.8705,324.6585,0.0205833,0.044685483,0.012487557,-0.0068659154,0.09144009,0.0049300613,1.2538396,0.0019652254
0.00040877494,0.14034547,0.04441079,0.86035746,0.290783,1453.197,1195.0599,0.02376996,0.03611909,0.0142389545,0.042182926,0.057270683,0.0027841546,0.3033428,0.001078347
-0.028331967,0.13618022,0.028455585,0.90288943,0.7461227,329.70184,974.9576,0.017259853,0.008601065,0.00999809,0.024663238,0.030846432,0.019392103,1.6250876,0.0040091462
0.047076646,0.121612005,0.0432727,0.82501346,0.28059816,1726.9844,540.20776,0.023560194,0.035072293,0.010211413,0.019848514,0.042693008,0.032017596,1.522061,0.0034930492
0.047441963,0.06103144,0.03360863,0.67950743,0.42118028,1595.5068,293.5863,0.012881369,0.05519215,0.010227127,0.020063132,0.06142306,0.017304003,0.70645434,0.0016176158
0.017400427,0.11841904,0.023510426,0.8345265,0.51171,218.9886,1113.5894,0.03644154,0.026364379,0.005778383,0.026174968,0.03165176,0.022061989,1.2352797,0.0017855581
0.017019236,0.12738763,0.022255698,0.65994054,0.49961877,1007.3997,1034.491,0.020871837,0.0343328,0.009592793,0.04171325,0.04886987,0.018184008,1.2864367,0.0015123275
-0.008224447,0.097567596,0.0367936,0.74830174,0.46639156,1498.5344,585.4035,0.008657897,0.007130214,0.007637092,0.049856827,0.03048823,0.016679201,0.7796768,0.0012133222
-0.0104332,0.0662965,0.04209834,0.81870246,0.36512837,534.92163,505.50287,0.045833156,0.052024588,0.007122777,0.03515663,0.05412328,-0.009345176,0.931145,0.00077117665
0.0046792435,0.1362081,0.035104528,0.8151477,0.6171985,-1.6423088,1189.3359,0.011314146,0.033091698,0.015464358,0.06633165,0.06454518,0.018865502,0.4111353,0.0015518363
0.013914807,0.120143406,0.037299875,0.96242267,0.5700085,561.7882,1293.9011,0.011124908,0.052374523,0.011420613,0.058346607,0.039734367,0.016535379,0.5685798,0.0019053639
-0.009930202,0.12775809,0.013169714,0.7694121,0.20234548,1610.2391,786.346,0.02605934,0.04916698,0.012261978,0.026359063,0.063531525,0.026102304,1.417443,-0.00032917797
0.004678023,0.14000992,0.007926509,0.72378176,0.6907322,1025.8762,383.74054,0.011093835,0.03609888,0.008542192,0.05953616,0.0024343142,0.0060081882,1.3379487,0.0024775907
0.013602806,0.11294344,0.00205949,0.8845418,0.48956174,975.7458,708.8879,0.0369036,0.065055005,0.0017803198,0.039175715,0.07158651,0.00915366,1.2756251,0.00011905143
0.01064721,0.112704046,0.022837497,0.7716819,0.28973842,357.39163,447.12708,0.0089187985,0.03970111,0.013189749,0.06592251,0.06920226,0.022566617,1.3076482,-3.9986044e-05
0.036162432,0.12239725,0.013679535,0.7339178,0.28754178,143.02402,1004.90735,0.028336663,0.040224653,0.0121084275,0.026169239,0.05339049,0.006310283,1.0834008,0.0012695318
0.0053103296,0.106427036,0.031870686,0.68911386,0.8022604,1577.1658,952.1356,0.016413333,0.05608198,0.009843194,0.026047355,0.05320823,0.015075173,0.88242,0.001664026
0.0357152,0.113674104,0.027804097,0.7019592,0.42665377,1363.997,1233.4419,0.010690011,0.030238226,0.0076805367,0.058681622,0.06740381,0.040170915,0.92568403,0.0023614194
0.0320641,0.11217344,0.02070866,0.80328435,0.36802623,348.73538,1196.1718,0.030860271,0.055985957,0.013370684,0.021930054,0.058834113,0.013653302,1.2129103,0.001308636
0.039883588,0.122965835,0.02217541,0.8308343,0.45553362,1539.9395,687.94916,0.026212735,0.031235188,0.018397585,0.011640312,0.05574589,0.015610865,0.36732924,0.00088783295
0.022030342,0.17175852,0.047499966,0.7086848,0.4729734,1217.0161,1478.1821,0.017604768,0.02573795,0.012372736,-0.016616968,0.030218512,0.026351394,1.3791673,0.0012511528
0.0046013426,0.067617975,0.028736055,0.8645829,0.32488608,1032.4358,1446.0334,0.014412636,0.031630836,0.016802555,0.03831487,0.08339517,0.019789098,0.61865914,0.0018073618
-0.03537567,0.10949714,0.024043784,0.7085534,0.41608372,512.18994,814.38904,0.007910521,0.036225565,0.0019055397,0.010360879,0.08386145,0.040699802,1.0067427,-0.0010368254
-0.02794941,0.17043471,0.028844163,0.77914274,0.3144858,868.8556,940.4169,0.03096776,0.07324775,0.0015725181,0.035104774,0.054467857,0.02830093,1.2943138,0.000866619
0.0045327786,0.14117065,0.018993653,0.9119812,0.48745406,1337.2837,566.5185,0.032411292,0.03622443,0.010771291,0.017937884,0.029864628,0.04717095,1.7001127,0.0011588875
0.020896647,0.14129472,0.019144231,0.6898961,0.59173656,1616.0497,1011.1467,0.010916865,0.034062892,0.012979239,0.019008078,0.09107535,0.030993445,0.33784965,0.00092641084
0.020364746,0.08155722,0.025208265,0.62430376,0.6663317,1056.607,977.11755,0.0025587154,0.028120454,0.012483042,0.008415627,0.019648043,0.0077292062,0.9560504,-0.0011106792
-0.008750398,0.10951305,0.042522576,0.8134275,0.7462418,1567.8473,316.9084,0.014897334,0.055786435,0.0061665885,-0.0017976905,0.022097055,0.023839632,1.0951533,-0.0010722777
-0.01657298,0.13592334,0.02759291,0.80417377,0.3135658,421.434,767.2778,0.015340258,0.08235768,0.006042739,0.05614303,0.033137757,0.028759751,0.36105075,-0.00049701426
0.04341211,0.10368981,0.035337623,0.7491184,0.41396347,924.6514,539.5452,0.025796078,0.047899075,0.006055158,0.03711942,0.064261325,0.014229258,1.0480781,-0.002873193
0.002077739,0.07795781,0.028440373,0.7866473,0.3334294,1442.1635,847.9417,-0.0009826405,0.01411765,0.0148890605,0.04546961,0.04132059,0.02172031,1.1582695,-0.0013124007
-0.010612519,0.15181527,0.04326777,0.7531871,0.77480954,639.2338,543.74243,0.030135784,0.007750471,0.01417253,-0.02369825,0.0473305,0.009986651,0.7040746,-0.00026741344
-0.025576092,0.17306665,0.04388048,0.75655437,0.59314775,1192.0656,182.95677,0.012858717,0.061993245,0.013047484,0.023642655,0.044524305,0.008802377,1.0539227,-0.00054073794
0.023465946,0.13054128,0.035721797,0.7300656,0.5356954,704.8789,873.05853,0.014677197,0.044445362,0.006000326,0.041448396,0.044354532,0.018877776,1.0549879,0.00080516434
0.031335905,0.13771255,0.024068184,0.7918645,0.3665352,493.8463,907.53253,0.043106448,0.028787494,0.010189738,0.060640555,0.04021717,0.01074589,0.8282692,0.0007674295
0.029010216,0.21479307,0.017958697,0.47873834,0.6371243,1730.1447,815.2438,0.02135649,0.0677038,0.006004652,0.016463595,0.043181483,0.02045806,0.8707471,0.0024778347
0.048296474,0.14688082,0.032984987,0.7702233,0.29055157,1302.8732,910.89105,0.018633818,0.039171886,0.009367029,0.044581328,0.08059856,0.014381208,1.9320408,-0.0003821093
-0.012792977,0.09845196,0.052853297,0.8148755,0.62006587,545.80023,1611.7234,0.035452787,0.011579734,0.0053956974,0.023968274,0.058837637,0.035470698,1.4893829,0.00037518676
0.03483038,0.1457382,0.059960105,0.77387017,0.47083345,796.3759,1588.1241,0.037871614,0.051007777,0.009117292,0.039626673,0.015371665,0.027773855,1.4138193,0.0005521587
0.035765186,0.13368133,0.025222259,0.6579609,0.46743274,943.7717,958.795,0.03542527,0.011162697,0.007690393,0.06590622,0.102590516,0.030824188,1.3905013,0.0007686354
0.020598406,0.1261067,0.014662923,0.8447323,0.4074691,972.69324,555.8317,0.034447797,0.04886626,0.0014205053,0.05250226,0.07283803,0.026725248,0.89422065,0.00076587463
0.023527179,0.12902252,0.029655933,0.78635603,0.57312477,1491.631,456.18417,0.0112110805,0.014710241,0.0055288197,-0.0037356515,0.030458946,0.006191615,0.8916208,0.002443228
0.015106475,0.12269032,0.022180885,0.7087301,0.49062702,724.0109,761.7652,0.017227821,0.027620044,0.013481238,0.034135096,0.018671028,0.033502758,1.0491691,-0.0001350618
0.028104115,0.074006125,0.02478265,0.7573762,0.5239616,97.895355,498.38852,0.02177099,0.05621925,0.006725328,0.012422371,0.043188073,0.019132262,0.2662898,0.00059723505
5.339278e-05,0.15124643,0.03216972,0.83269006,0.65310144,977.2547,366.4795,0.015009858,0.029333489,0.008708668,0.06467506,0.086788066,0.024124132,0.8207968,0.0017520445
-0.006611365,0.12518153,0.031962417,0.8106326,0.3804391,1634.6979,86.96711,0.010883236,0.024497256,0.014460911,0.033056717,0.075769044,0.0100284405,1.3413974,0.00026479497
0.024655644,0.11256738,0.025775319,0.81083536,0.42294815,262.12512,528.26,0.0159129,0.026146123,0.009033309,0.058481406,0.05303253,0.03580509,1.6182139,0.0010724278
-0.014333963,0.15590078,0.02729958,0.7542792,0.47746158,673.9997,1440.051,0.02235812,0.04046663,0.011208086,0.06444688,0.04513736,0.009203403,1.0183269,-0.00049431634
-0.0050516007,0.08613728,0.030216698,1.0025998,0.46967706,1559.8962,392.52048,0.02244893,0.04738627,-8.134004e-05,0.006851788,0.03320666,0.024798585,1.7250658,0.0009140646
0.0133462325,0.111079164,0.049040817,0.80898315,0.37345338,903.0718,146.20486,0.026196973,0.055652037,0.014592939,0.024569478,0.0447372,0.025434416,0.6585156,-0.0014271459
0.0053585554,0.16317776,0.019941801,0.8105572,0.72260636,934.41296,683.50024,0.029401235,0.03038936,0.0063153813,0.024861233,0.053323895,-0.0014308604,1.1205382,0.00088904786
-0.019144699,0.1216944,0.04391288,0.8461085,0.53239983,1804.7108,595.2837,0.029587602,0.054700393,0.008669159,0.0071247425,0.045884207,0.029739747,2.1754003,-0.00014899019
-0.004962158,0.12781315,0.025275735,0.87110996,0.39137796,157.55994,782.03894,0.037221212,0.003919159,0.0064919544,0.066139095,0.045631457,0.024545334,1.0647125,0.0031046714
0.0068893083,0.1536262,0.019176733,0.70894706,0.34434167,745.0063,333.5487,0.01735029,0.058515675,0.011913046,0.049313758,0.050014213,0.017842708,1.0532154,0.0011160544
-0.009818264,0.13358073,0.030375518,0.5230438,0.53013873,1547.7926,368.72034,0.028923757,0.038657483,0.00812974,0.063490376,0.06593364,0.01591992,1.4943452,0.0010066805
-0.015023741,0.107399374,0.0390367,0.8121613,0.45710078,1028.4202,146.09332,0.010529525,0.030374993,0.008045869,-0.014978837,0.07402918,0.009745614,1.1062727,-0.00053470925
-0.006928506,0.16617392,0.02647532,0.88930666,0.4741017,833.22046,692.1517,0.02470376,0.0025749593,0.006770549,0.060189623,0.07326097,0.026587563,1.4647537,0.0010519349
-0.020258088,0.102248624,0.04465683,0.86896944,0.5859579,829.4464,448.44272,0.024024565,0.027679952,0.008320914,0.013569014,0.02692817,0.027420271,2.253849,0.0032528099
0.021351598,0.09711746,0.03147797,0.6519101,0.53080374,1255.9927,911.00146,0.008411386,0.031138403,0.0033889376,0.022982907,0.055724077,0.018836465,0.24406485,0.0018585615
-0.0057616876,0.13887665,0.02424141,0.78477997,0.6242121,2017.1779,960.6059,0.017414179,0.049318377,0.014421872,0.016618554,0.06414102,0.0010183402,0.8221891,-0.00025920104
0.031028343,0.12015039,0.01375052,0.7707121,0.36210266,1201.9119,1215.9275,0.02596053,0.08333534,0.008439404,0.047164053,0.021182515,0.020267608,1.5135758,0.0023315304
-0.014372132,0.09547395,0.045136325,0.7053136,0.6561183,1794.1138,864.97943,0.019203164,0.03011139,0.015307415,0.021865332,0.056671664,0.013270363,1.5995135,-0.0006588849
-0.0019693074,0.08777933,0.0362132,0.82693493,0.6212843,1441.7277,-3.182261,0.0052043675,0.044116654,0.009033244,0.017445397,0.06517178,0.0074938345,0.8922321,0.00056378555
-0.020761374,0.10275022,0.039294593,0.79962504,0.6227748,484.29153,513.57745,0.007782325,0.059940755,0.01150655,0.01785505,0.026423793,0.014753297,1.1717931,0.0027117704
0.042447016,0.11876621,0.026444735,0.759114,0.6644509,412.50323,574.8165,0.023342624,0.056520753,0.0028483714,0.032639783,0.021421468,0.025018465,1.840105,0.0002671196
0.0317338,0.13840306,0.03733695,0.67876685,0.23643535,1304.5481,1055.1006,0.019794194,0.001726276,0.0098288525,0.025169909,0.041005936,0.038180646,1.4134412,-0.00061223854
0.036510218,0.12682708,0.023635615,0.86548597,0.49106845,1876.0527,1174.0045,0.021463364,0.022703025,0.007803129,0.070208006,0.05902845,0.011000318,1.6559418,0.00094644976
0.035842586,0.12397841,0.03917379,0.67035097,0.5462295,1076.6722,463.37744,-5.722628e-06,0.011138113,0.0144001655,0.0016293222,0.006259987,0.00822383,1.1445129,0.00086314534
0.0031785248,0.16074194,0.020146718,0.8521658,0.19200505,1312.8691,985.3355,0.025245275,0.037159067,0.005561856,0.057338987,0.07870698,0.01533931,0.73101234,0.0008813485
-0.004807592,0.12574263,0.008769584,0.5882638,0.4122864,1074.1676,635.2119,0.02790265,0.07177539,0.0067098746,0.019757317,0.066460095,0.018767606,1.9808123,0.000372448
0.0207081,0.13473032,0.026563723,0.8068482,0.4973089,1946.7053,425.74792,0.013036477,-0.0037507438,0.00030145457,0.026910983,0.040763956,0.025886621,0.98781383,0.0008038796
-0.029671734,0.09728387,0.028684221,0.7026635,0.40196532,865.78314,152.02745,0.017385034,-0.0051945047,0.015303153,0.032385994,0.037454873,0.025434619,1.281089,-0.000876523
0.011823699,0.09394477,0.03444901,0.94008523,0.53533745,1689.5134,829.56433,0.016723482,0.055620693,0.005901754,0.05928333,0.023478001,0.02931677,0.6688805,0.0029109737
0.033156443,0.12903702,0.031283997,0.84302294,0.58110577,-477.27945,277.87372,0.03550214,0.020383155,-0.00021306414,0.050447658,0.06962314,0.015160262,0.7546808,0.003157707
0.018858265,0.11473774,0.034737643,0.75832856,0.4816799,887.76697,673.1161,0.02521649,0.036030605,0.010679776,-0.0011392363,0.034252618,0.022918422,0.9122948,0.002298063
-0.007631651,0.16175176,0.041072126,0.76740414,0.42018497,400.9745,971.8835,0.019609738,0.032071665,0.012167476,0.028982805,0.064174026,0.02401755,1.2258599,-0.001523241
-0.0042283274,0.09787905,0.018306768,0.8533886,0.4612948,944.38336,948.6081,0.009822799,0.041198187,0.01498306,0.035710018,0.017269397,0.029541051,1.9191973,0.004609661
0.017924115,0.124039836,0.026633749,0.7649319,0.5626199,1071.2108,215.63243,0.024822919,0.092566416,0.012851482,0.013057037,0.07837721,0.016450949,1.6528981,-0.0018851932
0.0144051835,0.12695806,0.040417686,0.77173233,0.5827102,838.23456,975.75964,0.028455114,0.031039353,0.0104127545,0.045499075,0.039026063,0.02588225,1.7839632,0.0019213553
-0.027219595,0.08840879,0.03848702,0.8023375,0.163669,1725.2356,1155.1007,0.025034323,0.041743692,0.010406188,0.033131927,0.049235195,-0.0033911988,0.56739503,0.0002669436
0.024068452,0.077035084,0.037362646,0.91143364,0.29370877,494.26556,938.1734,0.009551099,0.0610083,0.008583241,0.024597004,0.034391254,0.041399352,1.8581489,0.0007006848
-0.010750978,0.12564455,0.013960704,0.78529066,0.70579153,1969.9382,621.03973,0.015687551,0.052563265,0.013445763,0.020392897,0.05553236,0.005510511,0.31875446,0.0012692203
0.034024537,0.14114965,0.027981425,0.82885927,0.6546797,1347.0376,228.55588,0.0092329895,0.03697797,0.0029523612,0.009289295,0.04948651,0.009586993,0.76083106,0.0033457577
-0.030978123,0.15589993,0.046103295,0.5749155,0.51814395,1403.2081,386.26352,0.01133995,0.037558455,0.0065878714,0.006186909,0.050205506,0.00835673,1.4667414,0.001503014
