feat_0,feat_1,feat_2,feat_3,feat_4,feat_5
0.385306,-0.24967243,0.53628045,1.4116217,-0.3455615,-0.34554508
1.5161197,0.70434165,-0.53256744,0.47946694,-0.5265108,-0.52882284
0.14775625,-2.0074863,-1.8191239,-0.65649354,-1.1070371,0.22004132
-0.9628236,-1.4671032,1.4108492,-0.28057587,0.012728621,-1.4795477
-0.5657978,0.08950756,-1.1724086,0.354283,-0.62205374,-0.31310877
-0.5179912,1.9359937,0.07021822,-0.97399545,0.9062604,-1.1371282
0.1767477,-1.991786,-1.360302,0.16474533,0.7063507,0.13925238
-0.27421084,-0.45966625,-1.6370845,-0.87840676,-0.6192013,0.8985597
0.4576251,-1.6490334,0.43809077,-0.2710755,-0.56291527,0.72568303
0.94729054,0.84757113,-0.92292655,-0.3929214,0.2475544,0.8918361
-0.48504627,-0.19153102,-1.1122069,-1.2020786,0.80665374,1.350368
-0.027356472,1.0481865,0.40628967,-0.6004661,0.40604925,1.5826902
-0.015864996,1.5846046,-2.599784,0.8418636,0.107008114,-0.27904633
0.20117873,-1.8781509,-0.11025394,0.4665305,1.587312,-0.40885225
-0.7605933,-0.4538567,0.96330243,0.37665144,-0.48185986,0.5611678
0.01094659,0.882514,-0.78818405,-0.4137931,-0.4782391,-1.5496459
0.5139765,0.4789115,0.22296968,-0.016730916,-1.1975145,-0.20278911
-0.32328117,-0.78284395,-0.14185236,0.4234842,1.9056193,0.19401117
0.24281636,-0.08917994,-1.9335053,-0.041247897,0.045496188,2.448508
-0.095968425,0.3979399,0.06168077,-1.0722855,1.2392154,0.8483256
0.81597704,-0.8844424,1.4277395,-1.3769059,0.61180216,2.2154007
-0.9506135,-0.5263749,0.13957419,-0.46355283,-1.5107406,0.108485796
-0.81308526,0.7228108,-0.67020583,1.7991527,-0.5340349,-0.07284311
0.7860051,-1.2583765,0.19994779,1.2796305,-1.6349955,0.15712172
0.22810672,0.7500468,-1.2687268,-1.3522327,0.49016544,0.26520857
0.2621507,0.35810608,-0.6683669,0.24391155,0.30473033,-0.7026936
1.9729261,0.58098453,-1.0841519,0.7637052,-0.8675301,0.89423615
1.0079422,-0.97133577,0.8127227,0.26212755,0.67140675,1.7461396
-0.4419437,-0.95029175,-1.0860701,-1.0123658,-0.2736573,0.1445964
0.21797928,0.7684717,-0.045709636,1.3948226,-0.32336837,2.6614575
0.46227503,-1.0205498,-1.2342848,0.3190801,-0.3868551,0.5506082
0.4307545,-0.11531205,-0.88927686,-1.5573304,-0.4889981,0.81391567
0.2643437,-1.1954888,0.22343089,0.43556735,-0.83360744,0.20397507
-0.030866167,-1.2320452,0.2687125,0.47170964,0.9939763,0.9647271
-1.520352,-1.0805076,0.3723526,0.3711033,0.372365,3.710049
0.5778242,1.1424993,0.9609355,0.65832496,-0.3083355,0.76590294
-0.6865709,-0.15056427,-0.39910918,0.16812849,2.400913,-1.7810109
0.5167628,-1.7822132,-0.64142925,0.91945326,-0.10521732,-1.2472421
-0.63328046,0.761621,-0.6483434,0.29848182,0.12759508,-0.5695771
2.2256746,0.7156496,-1.9434121,0.26818493,-0.58005583,0.9341639
-0.69711226,-0.019327927,0.6003958,0.9611637,-1.1048878,-0.23909272
-0.3530973,-0.5314812,1.8873023,0.5268297,-1.1390359,1.0397099
2.3423576,1.2526666,-1.2991686,-0.26403266,1.4871125,-0.48746803
0.40821022,0.7390249,-0.9625397,-0.095134564,-3.2768767,-1.0599968
-0.241611,-1.2368261,1.6433685,-1.4191842,-0.42908734,0.14169773
1.3996295,-1.477506,1.1215199,-0.031410784,-1.0231525,0.42045963
0.19925737,-0.60001916,0.06999977,-0.38511592,0.11371503,0.66232836
1.7393041,-1.0845282,2.2863207,-1.7988005,0.001502245,0.74160457
0.14649044,-0.75720096,-0.3426237,-0.6275024,-0.7238662,0.71510065
0.27091053,-0.7790146,0.81349486,0.22119455,0.7267571,0.54352385
-0.6912769,-0.42246294,0.8850117,0.74808836,0.1168165,0.25504547
1.3796686,-0.48956773,0.649101,-0.100189,-0.11567755,1.2007805
0.78910315,0.77719647,1.2691656,-0.015309323,0.6456398,-0.34657994
0.40960655,-0.04470286,0.18243617,0.68059725,-0.73278046,2.1778274
-0.97189575,-1.180067,1.1922325,0.82578427,0.6582414,0.66246706
0.13778068,-0.7472269,0.22583202,-0.52713424,1.1251472,0.0029700766
-0.8180463,-0.31393486,0.4203824,-0.55627364,-0.81476945,0.25113818
0.34752977,-0.40437996,-0.3684751,0.33461314,-1.3455211,-1.3049005
-0.45424303,0.050754037,0.57510877,1.7395574,1.1218609,0.104262665
0.040793706,-0.94271946,0.04129678,-0.22884874,0.38252848,-0.767421
0.52427936,1.5376717,-0.103827335,0.40664455,0.6950768,-0.39628765
0.2963372,0.0848371,0.1699208,-0.7007651,0.09675487,0.570243
1.4146155,0.9227427,2.1166544,-0.8038757,0.83579254,0.14681393
2.4285996,-0.5695015,-0.6009251,-0.36059588,-1.8850989,-0.28695828
-0.7411256,0.16840088,0.3597631,1.894178,0.96843094,-0.55889654
-0.925708,0.46462584,-1.3475266,1.8041655,1.1521468,-0.496469
-1.7967035,1.2703035,-0.19810875,1.1542474,-1.6779966,-0.6829439
0.11496572,0.15670261,-0.34034345,0.73257196,-0.9578984,-0.03265746
0.20701437,0.60115755,0.79833364,-1.0379233,-1.4473953,1.3643956
0.2825786,-0.79822195,1.5014166,0.0659392,1.1295618,0.017783044
2.118393,1.8129859,-0.19131902,1.029216,0.7030211,1.4262767
-1.115779,0.5351959,0.9075689,-1.909595,-1.3341141,-2.1900878
-0.25090978,0.7360393,1.5208541,0.09259184,1.6471126,-1.3616043
-1.6581068,-0.010272064,0.42934108,0.012580886,-2.0221665,-0.0438444
-1.1337365,0.8404055,0.5373312,-0.7691468,-0.34313393,-0.88848054
-0.13976097,0.87806046,-1.0628079,0.4269646,-0.6073395,-0.8699547
5.19162,5.925836,2.091407,-0.513914,7.288217,11.516357
-0.7892683,0.124437116,-0.20187084,-0.3105124,0.5246239,0.6679649
-0.664158,-0.7094751,-0.40870854,-2.4355779,-1.6488479,1.2332174
1.7786334,-0.11537031,0.7102227,0.4449159,3.2125466,1.2532406
0.026946342,-0.80067647,-1.4515823,0.35832757,-0.6014868,-1.2673898
-0.61455125,-1.0495263,1.7191633,0.9136614,0.024049018,1.5119658
0.1994978,-0.7391547,1.6452535,0.66103953,-0.9151166,-0.06820918
-0.86222243,-1.369404,0.9395734,1.9228125,-1.3851718,0.57636505
-0.66015375,-0.49663657,-0.6019051,-0.87350196,0.03901046,-0.8404613
0.23715305,-0.08354187,-0.2722518,-0.9408674,-0.61007506,0.7220875
0.4698781,-1.0085943,0.06829321,0.720348,-1.7004443,0.51232105
-0.8174039,0.4158185,-0.9180393,-1.9596622,-1.7823226,-0.106695205
0.28614798,-0.8778911,0.66501796,-1.6350945,-0.03965432,-1.1845907
-0.6558695,0.04336528,-0.86444676,-0.38858894,1.0022594,-0.5809253
0.9102282,-1.0551708,0.60434026,1.5161047,-2.3971083,-0.7223592
0.58642447,-0.19369303,0.38049823,-0.59463286,0.09594214,-0.14632487
1.1515117,0.23815048,0.3213323,-0.42814735,-0.5038766,-0.44882855
0.30733284,-0.5081038,0.20265557,1.9882815,0.7840054,-0.41314283
1.2084293,-0.40086004,-2.0309093,-1.000871,-1.8635765,-0.34429815
0.0922421,1.750261,0.40075108,-0.14527681,0.90322936,-2.1373117
0.121280655,0.6565313,-1.5929201,1.0294201,0.22416252,-0.52962184
0.64152926,2.2794402,0.19061363,0.25696796,-0.45061353,-0.841097
0.8536401,-0.8327795,0.09487054,-0.45435315,0.5022841,0.35696638
0.96573347,-0.5818229,-0.34168142,-1.0505701,-0.51609975,0.305494
0.698203,-0.98095095,0.8108203,1.2968522,0.35464928,1.8180101
-0.75072813,-1.2215936,-1.7556592,1.5191053,0.67742676,-0.032523584
0.16662651,-1.238831,2.3324099,0.015879083,-0.0039473055,0.6124245
0.51600164,0.2588764,-0.7554821,0.5064607,1.9170169,1.3804123
1.5036511,-0.6007511,-1.0791403,-0.21532235,-0.033810526,1.0046561
-1.5861793,1.6358356,-0.051722534,-0.3205957,-0.905819,-1.5485713
1.0569534,0.30710074,-1.0561781,-1.061296,-0.10200193,1.9028043
-0.34566703,-1.5892186,-0.33181876,-0.35879925,-2.7829623,-0.14037055
-0.17751375,0.7496272,1.9023769,1.1799858,-0.2154679,-1.0531051
2.5006855,-0.013455758,-0.0587449,-0.09679928,0.12541057,-0.2170346
-0.46956655,-0.44276354,0.07134215,-0.43932936,-0.6087504,0.21052565
-0.38150308,1.3774672,-2.7774956,0.964981,1.1195593,-2.1999161
-0.29462892,-0.32338217,-1.3594531,-0.729758,-1.0625172,1.8003291
0.84837955,1.1842562,0.6343732,-1.2163507,-0.61181915,0.40207565
-1.2428262,0.69229996,-0.26102385,-0.39551926,0.6902615,0.42356485
-0.4640687,1.0562272,-1.1841658,0.5128331,0.48999873,-0.41264898
0.40836805,-1.1688784,1.0062621,-0.102667086,-0.44048798,1.1312443
-0.7880417,-1.4921594,-1.6403272,0.5223119,-1.3641274,1.6710962
-2.026733,1.7516527,0.2662139,-0.041516684,-0.48972264,0.45433256
-0.07204451,1.0688921,0.07981784,0.11589195,-0.398022,-0.09135543
0.29635453,-1.7216156,-1.3596326,0.7318168,0.1594182,-0.19543058
0.03320952,0.36235732,-0.5249841,-0.7635291,0.21062085,-0.9635972
0.3320703,-1.778766,0.9529731,0.39641502,0.17984726,0.9065085
1.6865112,1.0354068,-1.8198375,-1.2585403,-0.6037819,0.04712776
0.67069244,-0.5727104,0.3398002,-0.6023495,-0.45848432,-1.2536277
-1.0010427,-1.429494,-1.0536827,0.97583234,-1.0272083,2.5545726
0.6104989,0.30201712,-0.7411768,0.8174909,-0.4584568,0.23919083
2.7098944,0.053749867,1.299083,-0.55336666,0.11482128,1.9206103
-0.7085826,1.730833,0.6261364,-0.6440823,0.5507922,0.89093894
0.4763045,-1.7157302,-0.87264264,-0.3930241,-0.21993889,0.47516665
0.20789708,-1.3051482,0.41039395,0.6407818,0.5899865,1.1109768
0.7791814,0.40443933,-0.12490646,-1.7157017,0.37487745,0.15294693
0.45843917,-1.0898882,-0.8941963,1.2400131,0.14730516,0.868361
0.03179913,0.033236895,0.94176453,-0.512564,0.09960153,-0.45879453
-0.51471615,-0.38939208,0.14191383,-0.55896854,1.1755362,-0.97482723
-0.3015876,-0.554447,1.3322619,0.08183883,0.91712856,-1.6002764
8.593478,4.8870273,4.1227546,4.7928567,7.001328,8.952231
2.2417798,-0.41995695,-0.50262094,1.3962661,1.5224538,-0.57997847
-0.41580394,-0.27740172,-1.3400676,-0.91426903,-0.9997578,-0.7634147
0.060895387,0.329795,1.6460807,-0.90277374,1.0799026,-0.11840857
-0.09788954,0.6263936,-1.1711478,0.33398393,0.118026376,0.44402543
0.28457576,2.4507072,-0.64233285,-0.5355899,-0.6277334,-0.56007004
-0.639044,1.1873597,1.4188473,-0.57240313,-0.8340124,0.46975872
-0.48389056,0.70126426,0.27125546,-1.4474117,1.6158377,1.8642101
-0.5537142,-0.32862714,0.34493983,0.39353123,0.71761876,2.069279
-0.19895859,-0.8203086,-1.4013306,-0.7529414,-0.055138346,1.7725464
-0.51124644,0.23015286,-0.0100579895,1.1947582,2.5332973,-0.5245039
-0.52661735,1.0069829,0.6447136,1.8095294,0.54675025,-0.39646998
0.4428936,0.9609424,0.67272097,0.35951278,0.9189135,1.0215343
1.407919,0.67447,-0.141358,0.17247377,1.232269,-0.79117554
0.55789244,-0.20411962,0.217964,1.467671,0.38031822,0.23565573
-1.448228,0.6578816,0.5571123,2.0748827,-0.39615014,0.13077842
0.17208071,1.5001503,-0.17259851,0.20171855,0.5305935,0.10930615
-0.5335064,0.10701722,0.986559,-1.113588,0.0458969,-0.7871936
1.2675059,-1.4507277,-0.48646268,0.44967106,1.6379832,0.0067089144
-0.51035094,1.9260056,-1.4031653,-2.1539576,0.48486298,-0.45720568
-1.0370866,0.6925027,0.22794695,-0.5799324,-1.2961582,0.85660356
0.5583993,-0.19097777,1.7548351,-1.1618867,-1.6173271,-0.78370994
-0.036348335,0.25257713,-0.23199838,0.36129308,-1.2423018,1.4530022
-0.2386134,0.96083367,0.18626313,0.300291,0.41330507,0.29124632
0.65706545,1.3434952,0.21086381,0.7233464,-0.075393036,1.4544599
-0.5892399,1.8880929,0.04699449,-1.3436226,0.21525685,-0.59389925
0.7155236,-0.7777439,-0.57130337,-2.0146606,-0.57742625,-2.5489993
-1.7371547,0.60716283,0.63254833,0.27220574,-1.120228,-0.20096318
0.15434125,-1.0004208,1.6613421,1.0353061,-0.063020386,0.18482962
0.14720686,-2.102911,-0.30835333,-0.7431602,-1.062796,-0.34227628
1.9112813,0.7544376,-0.4575842,0.68617755,1.5129502,1.0382285
0.044230606,-0.6623365,0.68282354,0.37808564,0.87979347,0.6197721
1.0333571,-0.5514307,1.3011985,0.18140413,2.0590653,-0.7053833
1.7798051,0.24175206,-0.6075768,-0.44004455,-0.27650604,0.4680072
0.4344356,-0.6620999,-0.11275448,2.0538704,1.6391432,0.3479238
0.051253192,0.13328104,0.6267677,-1.0095428,-0.24412684,-1.6553344
0.36107418,0.609047,-0.5213354,1.5358378,-1.2639147,-1.5025239
0.09240248,0.91504896,1.5518783,-0.5909336,0.94663155,-0.17055781
-0.13887909,0.91740817,0.6860711,-1.542644,1.5102885,1.4138395
-0.6518935,0.36947277,0.4676994,0.23434298,-0.5766359,-0.6979541
-0.041256554,1.1570265,0.52789766,-0.3863168,0.7559962,-2.8642452
1.0277495,-1.8607299,-0.48345703,-1.240686,-1.4156976,1.0398107
-0.30856115,0.5056439,0.11221946,0.6361809,0.23596193,-1.1238523
1.0839382,-0.40608516,-1.4689105,-0.34044373,1.5884312,0.93789315
-0.25223655,-0.25284213,-0.22521944,2.1731634,0.47835103,0.52645725
0.999739,0.20824468,-0.2895866,-0.22689432,-0.102145724,-0.0677667
0.5547113,-0.1209724,0.5597218,-0.25363487,-0.0942831,-2.171119
1.1116194,0.54178023,1.1933018,-2.7009637,2.2836664,0.055702116
1.1020731,-1.0460156,0.6066641,-1.0595253,-0.62987876,1.9079217
-0.2655624,0.1425529,0.7951877,0.4208019,0.075538926,0.29008102
2.4450958,-0.01593864,0.24277921,1.0923346,1.1472062,1.2287105
0.7554423,-1.0262928,1.7501436,-1.0296333,0.41934755,-0.63756377
-0.0664434,0.32645735,0.31905216,0.4196157,1.6114062,0.45122924
-0.116299115,1.0919447,1.3173281,-1.0997503,0.7252576,0.8290303
-0.1892635,1.4840068,-0.041755594,0.23387645,-0.06477184,0.12387904
-1.2039132,-1.547689,1.486867,-0.95459944,-1.0990305,-2.2610283
-0.70634073,-1.3904688,1.5746362,0.9424381,-0.75552934,2.185057
1.0775192,-0.22907768,-2.403652,2.3866963,-1.2938188,-1.5496451
0.7513092,2.1684911,1.1130116,0.29264787,0.3234931,0.5821543
0.74398303,0.26624587,0.089255534,-0.07753869,-0.76891017,-0.29562065
-1.8360399,-0.24142274,-1.1316743,-1.2466724,0.036811028,1.2489192
0.8706612,-1.618156,-1.0372835,0.89311576,-1.0301428,-0.27228853
0.5201701,-0.99822646,0.0754935,-1.3639075,-0.63124967,0.28989992
-1.6288182,0.4046503,-0.055462237,0.5166655,0.1880897,1.328316
0.069998376,-0.48463166,0.06707138,0.4880719,-0.006366056,-0.014634434
-0.81170607,-0.7726153,-1.5123197,1.6398623,-1.3535776,-0.8026196
-0.48921615,1.1241156,-0.065758556,1.4769332,-0.44429952,0.5081853
-0.6486009,2.3318954,-1.0008522,0.49656692,0.8205231,0.6005453
-0.30149424,-0.24602729,-0.07239511,-0.26320857,0.8476725,2.0943162
-0.3992801,-1.2115912,0.06992963,2.737921,-0.64546293,1.7973285
1.6377542,-0.5935348,0.5290365,1.5884501,-0.4190743,-0.24352692
-0.5687621,-1.001838,-0.6363588,-1.2110215,0.047002215,-0.75705445
0.22745852,-1.5622231,0.32455283,0.82720155,-2.0000632,0.3677292
1.1616942,-1.2756158,1.6065975,0.35304415,-0.77098674,-0.12174394
0.6567121,0.17439063,0.6371412,-0.8222884,0.26774606,-1.3153293
-0.09863741,-0.891319,-0.7229413,1.2486818,1.1038988,0.6217268
-1.1399679,-0.3640636,1.1654426,0.09406177,2.2716744,0.3456627
0.061590172,-0.4395754,0.003081954,-0.2829288,0.5776497,0.82624334
-0.875349,-1.4205924,-1.9255649,0.41863182,-1.1927261,-2.2422502
0.22444059,2.3288615,-0.17020892,0.67435277,-0.08230865,-0.26302767
0.9202989,-0.2890522,0.26861465,0.32292014,-0.6668681,0.99326473
-0.29462633,-0.87541175,0.41684332,-1.0181345,-0.0914854,-0.12878555
1.0593395,0.4481422,-0.05158301,0.79121023,1.3636515,0.53125423
0.1473628,-1.174826,-0.9281035,-0.16821453,-0.47250202,-0.04996112
0.17657988,0.64962274,0.04943118,0.6064316,0.18440437,-1.8555367
-0.9425631,-0.14731525,-1.2129225,0.596701,1.5275232,1.2155341
-0.22215135,1.4820176,0.13995898,-0.34579444,-0.62211114,-0.31117818
-0.20018937,0.35840368,0.34856144,0.19103348,0.6249256,1.3786337
1.0016297,-1.4328223,-2.5018456,0.98639554,-1.3148031,-0.1726898
-1.2028936,-1.8347611,0.5086821,0.7263745,-0.6092911,-2.623823
-0.68884623,0.24920219,-1.6215134,0.04075811,-0.15791166,0.4366897
0.15896769,-0.9336816,1.2359588,-0.11914226,0.012082783,-0.8938806
-0.36034986,-0.80187035,-0.09001369,1.7946408,-1.2889688,-1.530629
1.4080051,-0.27248883,-0.7322379,0.9767396,-0.6687807,1.7628446
0.70704615,-0.45879114,2.1864283,-0.57659465,0.7712156,0.32841286
1.265384,1.5251539,-0.004353182,-0.7897752,0.4236148,-0.7140727
1.9949839,0.11813209,-0.38372478,0.16627707,-1.3655295,-0.9900173
0.9516317,-0.9056765,-1.2956932,0.28787053,0.9369219,0.4701711
0.97386956,-0.7789732,-1.4439888,1.4791554,-0.344858,-0.27301115
1.4251311,0.65316695,0.5528247,2.2619393,-0.54658127,1.024777
-0.006127131,0.20545201,1.4653281,0.4446955,0.47515586,1.0093671
-0.3597001,-0.833957,-1.0395566,-1.961104,2.0614598,-1.0979558
-0.29684868,-0.35240838,0.23181163,0.7401421,0.78487843,-0.6586725
-0.13107754,0.31862414,-0.21264696,1.6433897,0.52701914,0.77092195
0.6412289,1.1518215,0.15936923,-1.3184843,0.37803563,-0.6730092
-0.62254083,0.49243987,1.1443589,-0.07265258,0.21490885,1.6082908
0.37400833,2.7349384,0.69876474,-1.6275077,0.88659674,0.51441354
1.382646,0.76607454,-0.045562785,-1.131405,-0.116130054,-0.75762725
-0.6410141,0.52808774,1.6094137,0.33418086,-1.2563738,0.384112
1.2464103,-0.56000406,-0.084238335,0.06446703,-0.7351195,0.69805926
-0.06720695,0.47327363,-0.83375096,-0.38371712,0.77612257,-0.31909198
1.791194,-0.33540606,0.28891486,0.996821,-1.3541356,-1.6965787
-1.695082,1.0931585,-0.72128373,2.3887737,-0.7336732,0.015125709
1.6427706,2.1067533,2.1621642,1.309027,1.1247232,0.69318765
0.7213912,-0.6081556,-0.87516874,-0.060344353,-0.22715452,-0.51019794
0.66060466,0.9195224,0.05262409,1.4417473,-1.1774719,-0.22944225
-0.45303416,-1.6027484,0.18110749,0.14204067,1.777238,0.89459985
-0.99399954,1.88428,1.2512211,0.612285,-0.19629677,-0.9292519
-0.41083902,1.0501163,1.8459541,1.5046113,-0.5274817,-1.1582497
-0.07964319,-1.9889688,0.102638274,-0.36813203,-0.68656594,-1.8152325
0.6525765,-0.3937244,-1.0309404,-2.733286,0.111461505,1.9112281
1.5267382,-0.5916172,-0.736733,0.33425328,-1.1329064,0.16727094
0.6657364,1.1265893,-0.20049797,-0.30401763,-0.9783265,-0.9272242
-0.2596141,0.33423027,0.8804494,-0.8363142,1.4595534,-0.30425882
0.12027389,-0.6055705,-2.2825992,1.0256866,0.8784851,-0.13968636
0.14431472,0.5932632,-1.4852219,-0.45172867,0.87158865,-1.1769654
0.27777418,-1.3723656,0.45064622,-0.051425233,-1.6309156,1.1489556
-0.7037624,-0.77942324,0.2313984,1.1794665,-0.9849926,0.09250906
0.36877793,0.633067,0.11640298,-0.42706642,-0.8876288,0.026105313
-1.0581737,-2.907385,0.45052516,0.9179002,-2.348967,-0.9957653
0.626488,2.064829,0.028127383,-0.72066927,-0.17556275,1.38221
-0.5490872,-0.70231503,-0.38586655,-0.85645163,0.2195473,1.7215555
0.4197971,-0.15563567,-0.19509344,-1.466473,0.9798276,0.018880613
-0.13108218,3.2425053,0.34815064,-0.7023933,-0.37695986,1.1978434
0.07703565,-1.4745127,0.8829942,-0.70437884,1.8370631,1.0438133
-0.37313965,1.3551986,0.14203773,0.9269559,0.558915,-0.7721744
-0.6527467,1.020764,-0.34397218,-0.4128453,-0.9643194,0.41440222
1.9543335,-1.1757244,-0.08397198,1.3040291,-0.18783283,0.34418038
-1.1027223,0.38797832,-0.22747305,0.9454012,1.1470573,2.5492349
0.5880859,0.334249,0.202837,-0.3447136,0.34693652,-0.28694874
0.25948256,1.408619,-0.91552097,1.2309,1.4081366,-0.027046945
-2.1402075,-0.6261748,1.2786417,-0.041220877,-1.017655,-0.52312773
0.71970016,0.42581367,-0.359852,-0.4877443,-0.512678,-1.0433301
1.6210498,-0.3166463,1.2228327,1.5269902,1.003985,-0.42594615
8.590389,2.9409645,0.35073125,4.683867,1.0187583,5.826433
-0.44603354,0.21974342,0.30187166,-0.2403212,0.6052776,-0.45631987
0.96328443,-1.2539926,0.21836673,2.0309162,-0.90834415,-0.58575785
0.6158002,0.2814741,0.45252243,0.5910795,0.7366138,1.2115922
0.35039756,-0.30067873,0.6131526,1.8404609,-0.19205484,-1.0339504
1.0454663,-0.18199551,-2.234284,0.7858074,-0.59694254,-0.15214762
0.22796045,0.086479805,0.6054319,-0.53950626,0.40908593,-0.36356655
0.80869204,0.68524903,-0.86555713,1.1558636,-0.46608186,0.87793934
0.5121693,1.9830656,-0.07858397,-0.2044348,0.1254624,-0.15829776
0.7684337,-1.6478188,-1.0851907,-1.0993111,0.9187994,1.6791052
-0.12859228,-0.19296478,0.045909107,1.1377352,-0.9514962,0.21422593
1.1218759,0.64777243,0.33625987,1.1477243,-2.556554,0.8245536
-0.6035199,-1.7800771,0.56175834,1.4242144,-0.08689273,1.0034304
1.6559018,1.358538,1.6835881,0.78575104,0.119057216,-1.5583422
-0.36515415,-0.9623382,2.051851,-0.29497746,0.0041131545,0.4323937
0.11147525,1.7629238,-0.55477655,0.26248026,-0.67459774,-1.2521497
-0.7046827,-0.12995043,-0.52221584,-0.7853346,-1.4992311,-0.1760192
-1.6181223,0.64665395,-0.030962268,-1.5709535,-0.4226111,-0.8655584
0.28449735,1.3057733,-1.9098496,0.080348924,-0.19480996,0.6366629
0.15461737,-0.8105486,-0.3776332,-0.85460514,1.0174278,-0.037267625
1.8790307,-0.08282078,-0.73056674,-1.5358744,-1.8252996,-1.6062958
0.12302849,0.36462688,-1.7252889,0.75094014,-0.62715924,0.0026948445
1.7081022,0.99272096,-0.17264901,-0.79531056,-2.0559337,-0.6232717
-0.098361604,-0.87441087,-0.018488338,0.18962051,-0.11208736,-0.53723395
-0.026079582,0.24720639,-1.2851332,1.2161982,-0.29332238,-0.17588462
0.8060602,0.33106193,1.0509824,0.38496995,-0.5145916,0.4593493
-1.2247791,0.027506843,-0.114282854,-0.28916973,-0.20959038,-1.962902
-0.46302733,0.17854245,0.24555394,-0.9419776,1.3514054,-0.78047734
0.96261257,0.42034972,-0.65307194,1.7684662,-1.2004814,0.9123095
1.0034599,-0.66774267,1.395343,-0.24716896,0.2915712,0.2631994
-0.1528185,0.79229856,0.774979,-1.7670417,1.2858305,-1.6810018
1.1537591,1.2479181,-0.96975356,-0.28960136,-0.98449177,-0.093708105
-0.43199307,0.6557017,1.1863499,1.2717249,-0.6861268,-0.33318067
-1.6226542,-0.745086,1.0256356,1.6763668,-1.1735649,-0.5316802
0.08372726,0.3902942,-0.6994705,0.53419405,-0.36370632,0.09568074
0.61791825,0.078056276,-0.3647519,-0.037975796,-0.016728954,-0.29837704
-0.026326174,1.831117,0.7933894,-0.06301042,0.92942435,-0.101349585
1.12023,0.31674752,-0.16019683,0.39482224,-1.6237708,-1.1796622
-1.0981946,0.23867358,1.8282454,2.3270307,0.7337816,0.59657496
1.4944178,4.8199334,2.2452478,6.0542445,4.5341372,4.904892
-1.8559592,0.87125087,-0.94940245,0.36258748,2.1974232,-0.796044
-2.5310564,-0.28677312,1.1001908,1.9575785,-1.2303185,0.4959303
-0.50409806,-0.14473593,2.6055558,-1.541758,0.21495208,0.4289056
1.2163936,0.22859037,0.43865776,-0.26104134,0.39973417,-0.21258506
0.5724157,-0.41876653,0.32794422,-0.07841901,1.076894,-0.10054992
-1.914305,1.120649,-1.0470048,-0.79503894,-0.7369339,1.2331655
-2.1873589,3.0860639,1.0043721,0.17155422,-0.106578685,0.23386939
0.58302575,0.70711887,0.61750776,0.15148398,-0.13543512,-0.08936998
-0.0557044,1.272974,0.73276055,-2.801185,0.7951046,0.33394006
-0.0075958185,-0.37740552,1.1352257,0.9586394,-0.76176476,0.4181652
-0.839837,-1.2477984,-0.4948975,0.9942132,1.0849447,0.64490515
0.58927834,0.3803608,-0.77729905,0.29610506,0.664592,0.6184739
1.144587,0.6639775,0.30712187,1.025824,-0.07084761,-0.92620105
-0.19192448,-0.7737602,-0.7040358,-0.17337619,-0.82127744,-0.33681902
-1.9050705,0.20183776,-0.010250467,-0.82854456,0.6477897,0.9261142
-1.5991505,-0.7543153,-0.7607329,-0.93149364,0.8378843,-0.1854167
-0.19542374,-1.9347713,0.70450914,-1.1701673,0.12902373,0.34646803
1.316178,-1.353301,-3.063993,0.13936886,1.7560306,1.1944656
0.22356229,-0.4777333,0.82102543,-0.95964336,0.49026063,0.519373
1.0556976,2.7551477,0.3879037,-0.51347595,-0.030086601,-1.7735882
-0.7873021,-0.5018714,-0.61667734,0.059765875,-0.9150089,1.0284417
-0.011159604,-0.02066699,-0.33926138,0.14382401,0.8137316,-0.8784969
-0.67248243,-0.31809196,-1.3602369,-0.8336238,-0.49058682,0.8600232
0.24605326,0.17708185,0.8343899,-0.15387985,0.3739568,-0.11972981
0.2685383,-0.5795827,-2.4356413,-0.13110322,1.4259241,0.9293914
0.9729648,1.2436981,0.09622494,0.20488307,-0.61008453,-0.3085055
0.57254165,1.160655,-0.1826758,-0.49341878,-0.042701557,0.5579772
-1.3165834,-2.1689095,-0.4232654,-1.093441,-0.38086873,-0.02050884
-0.57019645,1.3355196,0.2097967,0.18352628,0.5052591,-1.2557812
0.96701473,-0.14786129,0.5983836,-1.1439543,-1.6258558,0.7457926
0.6544059,-0.6240552,-0.5916667,1.4034312,-0.9114155,1.9206693
-1.0044199,0.53459275,-0.4324176,0.4993883,-0.64791316,-0.26659206
-0.09445629,-1.137563,0.6054489,-0.648589,-0.36397538,-1.1297249
-2.4888859,-0.117580086,2.4860632,0.85805196,0.054187294,-0.18944314
-0.1852461,0.33940715,-1.3885248,0.9066097,0.5076693,0.5104737
0.41494834,-0.003910733,0.64933383,0.5682868,-0.3775681,-0.59712917
0.3164388,1.7636026,-1.0245247,-1.2529428,0.37934333,0.2654702
0.018848069,0.089459606,-0.37769586,1.3353698,-1.7553976,-0.9829906
-0.3014512,-1.8413852,-0.37405086,1.4632738,-0.17730996,0.03250446
-1.4100828,-0.7662795,-0.5251145,-0.46763322,1.1317257,0.40777293
-1.021622,0.33634076,0.5880577,1.229985,1.6703767,-0.9252582
-0.6983799,-1.1451002,-0.121542186,0.578836,1.0998122,0.036526646
-0.37110642,0.10049911,-0.8864018,2.03828,-1.6589199,0.1334817
2.0919275,0.07512108,-0.121717796,-0.2891242,-0.11207044,1.4411697
-2.0728364,1.6724592,-1.2849315,-0.12762678,-0.2902189,0.72757876
-1.4193897,0.6409073,2.2030442,-1.1844393,0.3684408,-0.48324755
0.40125367,-0.0054857503,-0.6661204,0.46323875,1.7797146,-0.21553732
0.48961073,-1.5234201,-1.1865835,0.2422591,1.253969,0.12546618
-0.39514592,-0.082796484,-1.3324956,0.52242744,0.80024517,-0.5341782
-0.51272255,0.22319782,-0.47940016,-0.10881303,2.0570412,-0.2897061
-0.384234,-0.6734357,0.7182981,-0.20711805,-0.6752669,1.2954102
1.400817,-0.6192095,-1.8853259,0.9887277,-0.70341575,0.7718396
-1.8582144,1.0044868,-1.0992825,0.8426536,0.12616253,-0.84204996
-0.27959347,0.8137613,0.2333373,0.7118558,2.1038835,-1.4367988
1.6000452,0.08718857,-0.91595143,-1.347481,-0.20628776,0.9044827
-0.017700639,1.6210034,-1.3413272,0.09775954,-1.142545,0.47348037
0.9226535,-0.38499567,-2.5684478,0.23471428,0.47250468,0.44006088
1.2422328,-1.064603,0.6866667,1.1989582,-1.7721369,0.3261024
-0.41352543,0.009131743,0.4383309,-0.39657417,-0.5850536,0.124806836
-1.0800208,-1.0785999,0.6865985,-1.1415689,0.67353773,0.4698165
-1.5200256,-0.47178355,1.3998905,-0.7753844,-0.25862312,0.66784203
0.63954943,-0.39538,-0.7413513,1.2785287,1.5950586,0.83501697
0.03380105,-0.8597828,-0.88196146,0.470997,0.36688113,1.3500814
0.63779825,-1.5157322,1.0392957,-1.0107125,-0.39662316,0.23754832
2.0396128,3.153864,0.6506683,-0.13925135,0.5784509,0.9316007
-0.19387157,1.9220073,0.3568668,0.62453914,0.7927203,0.54838264
0.83650064,-0.61969304,-0.5607416,-1.1025941,0.43706137,0.77649665
0.3155499,1.5322695,-0.14781898,0.5265187,-1.2339239,-0.5293227
0.77978915,0.93335354,-0.20971556,0.012652137,-1.4336224,-0.2727778
0.9658791,0.6507009,0.5761616,0.12526956,0.082559034,-0.5848252
0.50464255,0.22678708,0.297833,-0.7202207,-2.347529,0.90296686
-0.4792179,-0.86315614,0.6930985,-0.39239305,1.059556,0.61662555
0.52455515,-1.5249699,1.0529298,0.102236345,-0.52829134,-0.015625717
-1.8427004,0.3421877,-1.0958366,-1.4191355,-1.5888243,1.0462233
-0.7195443,1.4434469,-0.62608236,-1.7976389,-1.2068053,1.1455307
-0.07497171,-0.4673608,0.24094468,0.5827092,1.1983253,1.5294256
-0.34808564,-1.3143647,-0.40178216,0.27196354,-0.9520759,-0.9454679
0.21522878,-0.17721145,-0.095762104,-0.88705444,-0.35895982,-1.0527922
0.978205,1.123256,-1.7581812,-0.8415042,-1.4085226,-0.5620173
-0.22681856,-1.5930258,-1.0652404,-1.147338,0.06388675,-0.07403625
-0.6887262,0.20983225,-0.5136687,-0.23864374,1.7064636,1.3734725
-1.3809824,0.74833137,0.7299955,-1.2296644,0.7373766,1.4565308
-1.1591125,-0.9540705,0.98109376,0.23492761,0.5149086,0.3040215
0.441123,-1.2760451,1.0977448,1.2200171,-0.17896366,0.0069501246
-1.4789627,0.5663997,0.6242024,-0.010046077,1.1764983,-0.2819323
0.69830287,-0.8859674,0.11014476,-0.04065735,0.35900483,-0.23583001
-0.13969797,0.8178218,-0.44498962,-1.6148025,1.7413586,1.3732288
-1.2616175,0.7203529,-0.47232968,0.2941323,0.32486922,-0.20376271
-0.8275394,-0.73431474,-0.95996565,-0.8755959,-0.11095202,-0.7595337
0.70025104,1.5054451,-0.5618543,0.2576035,0.5178841,0.49020126
0.11990387,0.786631,0.52619755,-1.1937138,0.91310465,0.9312394
3.6015763,8.280738,3.9824655,0.35667998,8.69213,5.245179
-0.96636105,-1.5614197,0.12344354,0.54118747,-0.4112414,1.2728856
-1.3054587,0.7260657,-0.57271373,1.752525,2.0256624,-0.7335095
-0.513101,0.8960441,-0.3506745,-0.00895507,0.06184457,-1.8832171
-0.081855096,-0.75774515,-0.5611402,1.3756146,-1.3245243,0.7451878
-0.40740165,-0.4081989,0.6619332,0.2116126,0.44217432,0.83974594
-0.18372048,-0.4646488,-0.9375626,-0.67782265,3.0966825,1.3922675
-1.3019298,-1.2733134,0.5310106,0.5964094,0.5980284,-0.20581125
-0.14836237,0.30497143,0.0629849,-2.2422085,-0.25270772,-0.87431455
0.061508127,2.8715558,0.2537784,-0.42723298,0.8080982,0.3689846
0.337913,0.5246691,1.9743621,-1.2130699,0.39145058,-1.0085626
0.6857717,-0.7884275,-0.28710777,-0.16483086,1.1060758,1.0487136
-1.2319512,0.068700306,-0.69581366,-1.2447387,-0.20325086,-0.2947166
2.3716578,0.3779011,-1.4326762,-0.6198327,0.96632457,2.033384
-1.5350144,-1.8289555,1.921934,0.44058308,-0.8173238,0.58559805
-2.7171874,-0.078064315,0.24638134,0.84283036,-1.0953358,0.004247342
-0.7753403,0.40546808,-0.745262,-0.25801653,-0.8457311,0.80122054
0.9937312,-0.09934052,0.17351805,-1.3133115,-0.1643966,0.08507544
2.5741358,-1.1586244,1.4175198,0.9502014,0.23397899,1.711963
0.30923846,0.3262922,-0.11598768,1.1607019,1.0336022,-0.68854433
-1.5810605,-0.46479395,-1.0618519,-0.3253379,0.97562474,-0.71911496
-0.19098146,-0.09013534,0.7002728,-2.3950474,-0.7548584,0.06312562
1.066132,-0.6258494,-2.0104997,0.48576447,-0.76930934,-1.3236136
-0.6108263,-0.17100632,-0.5912256,-2.192047,0.9105852,1.2883941
0.61889863,-1.1703091,-0.2341149,-0.039144687,0.56617105,0.63571715
-0.8687073,-0.052537996,0.32274684,1.3212888,0.569973,0.65452313
0.055710226,1.3823428,0.3816464,-0.8892043,1.3752537,0.6697869
-0.3925103,-0.42895925,0.34710926,0.51371855,0.24782598,0.3618424
1.7527413,1.1243271,0.24341953,0.9940945,-0.97973996,0.45071098
1.6193393,-0.40801293,-1.037601,-0.8420559,-1.2796,-0.97472894
-0.38333446,-1.4183934,0.0027919856,0.88945085,-0.92058253,1.5064576
0.372458,0.89224654,-0.7961686,0.7161911,-1.2302679,0.7519134
0.2620122,0.6434241,-1.0854217,-0.80489695,0.6874011,-0.8581751
0.5416209,-1.2887231,0.92658883,-1.1541086,0.63071454,0.70404553
-0.78657454,0.49222383,0.17063953,-0.6286446,-1.0983574,-2.0524285
0.27304554,-1.6414073,0.01873968,-0.34005272,0.6025382,-0.37865
-0.37557447,0.685744,0.28893134,0.27002928,0.42314088,-1.5816989
0.53150934,0.38718945,-1.2419624,-0.46935982,-0.26458663,-0.3597761
0.3674568,1.4649637,1.1153636,-1.2786223,0.6556668,1.3625302
0.35952407,1.0636959,1.984986,0.9964251,0.22202414,1.017804
0.24190535,0.120920554,-0.25439674,1.6604309,-0.72141117,1.6293852
0.3900232,-1.509147,0.25780836,-2.2098675,0.5156671,0.77539057
-0.65426826,0.0616354,1.8922452,-0.567659,-1.1208199,1.419751
1.8119347,-0.14695686,0.8608105,1.1908234,-0.89313674,-0.6359584
1.1304455,1.5845852,0.46245182,-0.9802434,1.8866321,-0.6313999
-0.45333597,0.22413965,1.4359623,0.73577774,0.2966673,0.34509033
0.14311203,0.6577369,-2.4299626,-0.1970101,0.34091932,-1.0514168
0.31649712,-0.2742974,1.6856495,1.5031936,-0.5356317,-0.22066389
-0.061529994,-0.43924192,0.20744255,-0.7458645,-1.1181978,0.6351288
0.59145325,-0.8423921,0.85727906,-0.6696541,0.2150889,0.7822677
-0.16055909,0.32779437,-0.6433762,-0.3234131,-0.33280596,-0.87352484
-0.1936042,-1.5654484,-0.5079838,-0.30170554,-0.2730098,-0.25832748
-0.0018538662,0.5393519,0.93442744,-0.5898549,-1.1432905,-0.98213404
-0.6079789,-0.47269726,-0.890772,-1.4168926,-0.5768968,0.060650676
0.67594075,-0.47651178,-0.33208653,-0.84578705,0.04947211,-0.7675173
0.48815572,-1.8708386,-0.44460174,0.21613525,0.09886243,2.6080616
0.30150163,-1.0523529,-0.14376263,-1.8245447,-0.12889814,-0.88135445
0.9684586,-0.49647197,-0.06369761,-0.5824895,1.7919196,-0.26817447
1.7662134,0.74780816,0.41572312,0.30238953,0.3274537,-1.9940163
-0.27512592,0.84891546,-0.0451397,-1.4014324,-0.048646968,1.707863
1.2154226,-0.09347309,0.91998017,-0.3979761,-1.7353407,-0.9559351
1.5758256,-0.26105627,-0.23044717,-0.28690138,1.9170734,1.6388958
1.9807063,-0.3971191,0.057550583,-1.7547165,1.2388605,-1.4058535
0.033807386,-1.2802707,-0.771835,-1.0202307,-0.7908435,-0.7220909
-0.4866721,0.8949306,-1.043266,0.28213814,1.2795559,-0.45159966
-0.6142007,-0.12680648,1.2834433,0.29782578,-0.42749617,0.5875948
-1.1933409,0.5903109,0.31755865,-0.39885712,-0.92963445,-0.97772956
0.5104145,1.2045777,-0.6617106,0.43398386,-2.11143,-0.6090206
-0.0015870082,-0.8802115,-0.90703446,-0.63830763,0.32166466,-0.1578571
-2.1689093,-2.0513783,-0.5375434,0.52700835,-2.678183,-0.43040842
-0.7290156,1.18557,-0.58778954,0.18022126,-0.06151059,-2.3333342
0.67960316,0.12679249,0.41966462,3.8376338,-2.1727169,1.6360927
-0.32070544,0.25407097,-0.07877018,-0.45749426,-0.6030909,0.2962508
-1.4468596,0.82089317,-0.3458804,-1.0597553,-0.37969884,1.3274633
-0.285492,0.6082967,-0.4811132,1.0077649,0.9353508,2.0984519
-0.19836453,0.64585423,0.075266965,1.2730712,-0.74163294,0.72220474
-0.33539504,-0.20488591,-0.048945263,0.11154264,-0.25692677,0.07401544
1.6183449,1.0256765,0.9093814,-0.4153127,-0.849014,0.9955274
1.0081464,1.6047703,-0.47188103,-0.09744907,-1.5073845,-0.26037154
1.0073719,-0.45569396,0.65128124,-0.1797017,0.33485845,-1.1368899
-0.005455403,-3.081801,-0.277561,-1.7211381,1.1153296,0.6867425
0.5624704,1.6168057,-0.8531171,1.8431627,1.0279909,-0.14075589
1.2019746,-1.039939,-0.7581596,-0.54223514,-0.46262312,-0.9902031
1.1204749,-0.36146247,0.24989688,-0.67295945,-1.9232113,0.16744927
-1.8741124,-0.030491486,-1.3301724,2.0254185,0.94950527,0.14389636
1.3634332,-0.7465894,0.64320594,0.29953697,0.36374664,1.3720801
0.85068107,0.40691268,-1.5366985,-0.8418573,-0.0045199273,0.21156138
-1.1368486,2.4050317,1.5097492,0.5954734,0.065391965,-0.21885388
-0.98772645,0.041672572,0.2219446,-1.2775686,0.29836848,-0.19106698
-1.7850802,-0.7376576,-0.29087815,2.010415,0.6792805,-1.2127541
0.36502025,-1.6683201,0.96167505,-0.5921407,-0.21465224,1.2047806
-1.2433057,-1.3532603,-0.5397414,1.0822368,-1.4754882,-2.788298
-0.5881615,0.41473815,1.063259,-0.600164,-0.54842925,1.016898
-1.7632041,-0.28198314,0.29696152,0.55575633,-0.40326905,0.14097863
-2.5141318,-0.684053,0.42770416,-1.0080986,0.033179667,0.42106795
-0.21569088,0.2973221,-0.83587426,-0.07975295,0.73707443,0.28383127
-0.53739,0.2733577,0.7637511,-2.0008001,1.2082154,-0.28711346
0.3031679,1.0749248,-1.4939958,-0.831763,-0.41087073,-0.90607554
1.8773993,-0.7143093,-0.413084,0.3468518,-1.0596868,-0.25321797
0.47257778,-0.17773588,0.061737668,-0.3742076,-1.3593458,0.47671774
1.8431618,0.10663028,0.31349277,0.7809514,-1.1811018,1.7907434
0.12617001,1.5556982,-0.80919176,1.7419032,0.6989967,0.4768813
6.476868,7.8391876,8.584735,5.3148956,1.7838414,4.8617635
-0.17130302,0.32454172,-0.04204577,1.2335135,-1.9365592,0.15813066
-1.8883502,0.68934125,-0.16482976,0.34923893,-0.934254,1.2090939
1.2109593,0.75277895,0.039717413,0.7490919,-0.5376579,1.0247903
1.6639136,1.0850432,-0.7151698,0.37584996,-1.2787088,0.586823
0.18026862,-2.140151,-1.4321187,-0.5534737,-0.5711945,-1.4798118
0.4229143,0.28540918,-0.16033356,-0.7218559,1.0826427,1.6893426
-0.51837724,-0.64698267,0.45639193,-0.3928451,-0.17421295,0.70483744
1.5782295,8.211437,7.831011,6.5101094,3.0949254,11.0395565
-1.7680632,1.4580764,0.004463696,0.4061402,0.9146878,-1.0580244
0.55417657,-0.18693645,0.9274754,-2.0465226,-0.018389659,-0.522116
0.5442317,0.58201295,-0.5956571,-0.6002051,0.0013034118,-0.78467345
0.87028897,-0.34090188,-2.8786829,-0.34651673,-1.0102385,-1.6029705
-1.2713578,0.075477354,1.2947097,0.27925336,-0.6404345,0.42197308
-0.46322405,-0.69873405,-1.1584964,-1.7559625,-0.39405742,0.15391977
-0.0946637,-0.41400698,-0.9437861,0.6102062,-1.315172,0.7779879
-1.08246,-0.83267826,-1.5470282,-0.58164513,0.8950695,0.4353851
1.036315,0.5800354,-1.045777,-0.27289638,-0.72230625,1.3884678
-1.1507845,0.9397019,0.9389581,1.8756244,-0.36368236,0.7583264
2.435696,-0.46359757,-1.3809961,-1.7259659,0.8667562,-1.7291061
-0.24678406,0.56284815,0.31071052,0.55097985,0.34782484,1.4044008
-1.0208839,-0.7455627,-0.84122694,0.7616243,0.8318311,0.38265783
1.2655234,-1.096011,1.749254,1.6052685,0.8176518,1.8638288
-1.7517186,-0.6195435,-0.8303988,0.62638396,-1.1452361,0.6623998
1.4401293,0.7647961,0.35334423,-0.9182801,-0.7772578,1.3192121
0.7276876,-0.090680934,-0.46957096,-2.0774693,-1.1225138,1.8597577
-1.3827809,0.08715451,0.9051187,-1.357248,0.08238515,0.83559024
0.040503856,2.8964076,-1.6405947,1.0867331,-0.1447972,0.7999247
0.17385045,-1.000613,-0.038460318,-2.125358,0.3357908,0.030701755
0.46356264,0.88302076,0.19252229,-0.027008133,-1.0561659,-0.8873184
1.1689855,1.4185863,-0.2558596,0.028253557,-0.9223636,1.1550076
0.673661,1.9494616,-0.8700789,-0.3697637,0.2396901,0.6547337
-0.2525995,-0.909893,0.8444756,0.6842035,-0.953206,1.3185109
1.0122551,-0.023647139,-0.07834577,0.39611414,-1.0196468,-0.12791215
-2.2341728,0.79466647,-1.6432824,1.4216307,-0.41190928,-0.29345617
-0.588613,-0.24891795,1.4576522,-2.4486878,1.3160863,0.37714443
-1.1488434,-1.0171342,1.7345712,-0.8873287,-1.0951723,1.1954927
0.33693054,-0.9395479,0.21500267,-1.027375,1.099199,1.0597486
0.6476896,0.47734442,1.8768716,0.11536971,-1.0661907,0.5651573
2.1257865,-0.9750198,-0.32172307,0.45618573,-0.014165148,-0.94256383
1.0471123,2.245295,0.12138589,-0.9788138,-1.6237061,0.18323043
1.0758271,0.44711754,-0.030454047,-0.61732185,-1.1202139,0.8067011
0.773485,-1.6860163,1.4495524,0.4337846,1.2593081,-1.4824144
-1.376638,-0.1597832,0.49197054,1.7855469,0.695265,-0.2534952
-0.91515917,1.3412107,-0.85349536,1.7396786,-0.17317457,1.7017921
0.7474603,-0.068466485,-0.45086735,-0.27237886,0.4968457,0.14568551
-0.45361045,-0.02543048,0.21877795,-1.9885331,0.59836906,-0.83952034
-1.1836209,-1.7176329,-1.8241811,-1.3857361,-0.7393095,1.9229705
-0.3912697,0.31236008,0.53509134,0.26567516,0.05716652,-1.0606838
1.4315971,1.7878662,-1.701989,-1.0433589,-0.29914075,-0.98386824
0.65312403,-0.5811137,2.3122146,1.337707,0.35973254,1.1741447
1.1037147,-0.5661332,-0.81840295,0.07595739,0.8594504,0.13687472
-1.5062733,-0.7321013,-0.0032497286,-0.0049424707,2.0432653,-1.3152648
0.6531005,1.6366243,2.418961,-0.25688618,0.6389407,0.7172716
0.17613897,-0.118187964,0.41663265,-2.5515888,0.6627267,0.10683514
-0.200636,2.068701,-0.6530951,-0.3812371,2.0133922,-0.8102224
-0.42122895,-0.01813908,0.9696208,0.33668885,-1.163739,-0.40328223
-0.62065476,-0.09052136,0.41254333,0.40490544,-1.789312,1.0506407
0.12047961,1.2524428,0.3121091,0.96923375,0.3344561,1.2141365
0.73655134,0.11638546,2.4867353,1.1033379,0.7880451,-1.0620036
-1.3352841,0.24573904,0.09854475,-0.661099,0.094006255,1.5416505
0.7112781,-1.1251329,-0.095633216,-0.78909093,-0.3718243,-0.39774007
-0.3620449,-1.1395347,-0.01205402,-0.44500694,-2.813848,2.1685727
1.0279202,-0.43715012,-0.042030342,-1.2325038,1.6348734,1.8364393
0.055906937,0.9227438,0.074499995,-1.4375123,-0.51261014,0.031141175
-0.429174,-0.19327955,-0.06602583,-0.055504765,0.07763222,-1.0352314
-0.8963238,-1.463892,0.7985079,-2.2849545,0.9742827,1.2070417
-0.33097118,-2.6319277,-0.39010116,-0.09297477,-1.0393888,-0.544009
1.5546991,0.6894311,-0.90006024,-1.5730953,-0.30251345,-0.18895291
0.469204,-0.5623119,0.4845044,1.9081589,0.78850585,-0.075083695
-0.33749557,-0.5110182,1.0262959,-0.78165853,-0.10912238,-0.103147194
-0.3423664,-1.2130477,0.4823923,0.098413825,0.65965825,-0.37418252
1.2311751,-0.86642,1.7223941,-1.7372828,0.44512388,0.4857845
-0.65244186,0.5675092,1.4226339,-2.0737035,0.64586,-2.3501556
-0.9916684,1.6031628,-0.60778564,-1.1998836,-0.22394136,2.0419028
-1.9196835,-1.1393112,1.4094304,1.7697011,-0.19143242,-1.3270539
2.1227617,1.6213604,0.7058651,-0.78548425,-0.022111246,-0.13344198
0.30927262,1.4294227,0.85783833,-1.0989548,1.3549178,0.29155344
0.5692896,1.3487647,-1.2293564,-0.15360172,-0.6492307,-1.6856356
0.4936884,2.658535,-1.6930994,0.114697814,0.78752136,0.27005664
-0.17535508,-1.3614434,0.17055972,-0.818991,-2.2521486,1.1323652
0.77435917,-0.13236566,0.045048047,0.8902914,0.040313024,0.7199909
-0.16466558,1.4448003,0.45360234,0.32686853,-1.1372446,0.41977248
-0.8823847,-0.68871254,-0.86580545,-1.1166648,2.0743415,1.2809093
1.859585,-1.2836775,0.010471357,-1.35429,-0.75647724,-0.9789094
1.0630453,-0.57276845,0.8918405,0.42758214,2.1271,-1.655983
1.4333274,1.3205351,-0.7992847,1.1812276,0.5102391,-0.053382106
-0.95288354,-0.8480575,1.920864,-0.12826525,0.65318197,-0.9198474
-0.774008,1.0878297,-1.3437313,-0.4093688,0.03987236,0.117217556
-0.08783125,0.48708183,0.7841178,0.8258996,-0.89454174,-0.19289307
1.2369345,0.9368189,-1.3306878,0.39365157,-1.9360535,0.0891066
1.8918016,-0.95385814,-0.84028846,0.7580644,-1.548767,-0.63872045
0.42627457,-0.8044525,-0.40613657,0.5740191,0.2513795,0.096651815
-0.42009476,0.28908864,-0.20470516,0.3768331,-0.5779045,-0.26354146
-0.97117776,-0.016227577,-0.79222083,-1.0952665,0.27744117,0.23151982
0.70415634,-0.509843,0.32933545,0.47208017,0.36605638,-0.9043711
0.16969943,0.38447624,0.027514413,-2.0661418,0.18082556,2.232867
-0.29186493,-0.65990275,0.4415229,0.38055253,1.2609096,-1.1896938
0.8276305,0.68667233,-0.045896254,0.43493763,1.1257077,0.9685657
-1.2656373,0.6975402,-0.18730654,-0.04974384,-0.049420945,-0.2728609
1.4113721,0.13594665,-0.89988154,-0.17386526,0.39835933,1.4488794
0.67984265,-0.7737873,2.5619378,0.34152323,1.3521386,-0.0749665
0.5331878,0.83929706,1.2180233,1.0571969,0.87202555,-0.31525815
-0.4627924,0.44156116,1.0420817,-0.11376704,1.1741257,1.5615704
-0.6797801,-0.6003799,0.09616572,0.54415345,-0.28802624,1.5887434
0.28019485,-0.10442496,-1.5797815,-1.4596878,0.13713725,-2.2764676
0.9901111,-0.18068011,3.2205667,2.28539,-0.20397533,-0.12886328
0.75773835,1.4653294,-1.8758723,-2.0242188,-0.85987794,0.3448944
0.51613873,1.0890366,-1.1804323,-2.2968786,0.87727934,-0.8089311
-1.9819485,0.18160316,0.82971513,-0.08551771,-0.42130896,-0.122822806
-0.37449896,-1.3519634,-0.7185969,0.5173637,0.31776235,0.16414359
-1.0606018,-0.24695651,-2.2425184,0.1130233,1.3634043,-1.5395856
-0.79087913,0.12415533,1.0478913,-0.65317607,-0.8972018,-2.1738746
2.9287517,7.7967825,5.727698,6.437416,3.1724188,4.025329
-0.66747093,0.9688234,0.37130496,0.1631567,-0.8298226,1.4490514
0.60560095,-0.61202264,0.94272304,-0.5566727,-0.84110534,-0.8188049
-1.7270626,0.5155484,-1.7871389,-1.1844379,-2.0315819,-0.042063702
-0.3071349,-0.48351064,-1.1993922,-1.3290482,0.30755544,-0.7073664
0.36207962,-0.83952737,0.22678405,1.3489994,0.6318871,-0.3666925
0.21786073,-0.2800034,-0.031458046,-0.3649493,-0.20367344,0.17275512
-1.0696005,-1.0921206,-1.4647844,-1.676513,-1.2935245,0.08322071
-0.9688239,0.4375781,-0.041322615,-2.0445406,0.5789392,0.73476225
-1.0332239,0.3808304,-0.8958594,0.05830922,-1.3038595,-1.8324676
4.1483107,5.031803,9.095973,5.3298993,5.1804967,6.41283
-0.17610934,0.05128471,-0.8013315,1.0405016,-1.3073896,0.35634398
1.1421796,0.44119656,-0.24223576,-0.5680086,0.9963761,-1.4626864
-0.9742714,-0.40170494,1.2335066,0.37562045,-0.97219294,-0.31445488
-0.7242271,-0.8196929,0.86898565,-1.481647,1.4988769,0.71832573
1.2705282,-0.28327298,0.029725807,-1.2534853,-0.34499592,0.67332137
1.2107135,-1.1925064,-0.4508555,-0.23664877,-1.4811387,0.5059997
-0.790934,-0.26233405,-0.51889306,-0.85628223,-0.073988676,-0.2825533
-0.46968868,-0.8262924,0.22169387,1.5557865,0.042056434,0.8982874
-1.210374,0.33760944,-0.91752034,-1.297077,-0.5595234,1.3717473
1.0053064,0.29829526,-1.47741,-0.14099014,0.35699052,0.23082675
-1.9374528,-0.9839771,-0.15773697,0.4426317,-2.289787,-0.25578317
0.2536719,0.9602352,0.80348074,0.6931945,-0.68931735,-1.797379
-0.3729829,1.0217017,1.4135244,0.730619,0.44941068,0.39970952
-0.53039336,-0.10433496,1.6947949,-0.9168326,1.6405041,-0.29630283
1.2909844,-1.4412627,0.55145645,-0.7712179,-1.4497149,0.18408632
0.9345302,-0.919883,-1.5739576,-0.16678637,-0.16237693,0.47337803
0.98337114,-0.025638571,1.88928,0.25801134,-0.3126499,-1.5777907
-0.31716824,-0.39089566,0.90579605,0.4079749,-1.2338778,0.11774566
0.85320675,1.7097069,1.0691795,0.9425222,0.24176155,0.5699876
1.1225758,-1.4597065,-0.47636843,-0.89949787,0.25222403,1.1032931
-0.44335863,-2.2366886,-0.25860506,1.0670894,0.69124556,0.5818019
-0.29112518,-1.2901626,0.50416243,-0.8454137,2.1729648,0.55937535
-0.5507397,-0.5814766,-0.06303563,-0.20959336,1.1467423,0.21632473
5.710392,9.561059,0.6528905,6.7541013,3.799581,7.8154736
0.24808507,-1.9526742,1.9522501,1.2276195,-0.46022025,-1.1652946
0.43398646,0.17312254,0.4420938,0.27800223,0.5926658,1.5337305
0.2973488,-1.3204099,1.0918086,1.3698602,2.8813024,-1.3942484
0.17088306,-2.1540976,0.4811502,-0.62019926,1.8514469,-0.84661394
-1.7815893,-0.56367004,-2.0678942,0.6586932,-2.1574893,-0.0639487
-2.2031624,-0.4456484,1.5180275,0.23529729,-0.9888442,-0.15655409
-0.003478611,0.45113486,-1.3883538,0.5710718,-2.7258873,-0.65138
-0.44969884,0.6719018,0.06120585,-1.366988,-0.9464181,0.237255
-0.008801342,-0.5088581,-0.4105678,0.766434,-0.44742656,-0.017825248
2.1940243,-1.399595,-1.8277551,0.8076773,-0.6545554,-0.29414985
-0.8477257,-0.3263695,1.5319688,0.7355591,0.7956542,-1.4827964
-1.1142521,-2.802177,-0.7724792,0.99360484,0.55384815,-0.18461162
-0.009871715,-0.676457,0.21718745,0.77830684,-1.6034583,0.31207627
1.0260404,-0.32149467,0.7943063,2.9082599,-0.010737179,0.48691267
-0.66036344,0.25894484,0.5379653,0.272536,-0.94200164,0.28405544
1.4652436,0.4516834,0.96503484,-0.23396432,0.75294787,0.2823155
-1.0406361,0.22879569,-1.081422,-0.7226056,0.09960301,0.20751898
-0.2051573,6.0288243,4.9087644,6.287739,5.628147,5.0288515
-0.5009226,0.05816152,-0.4180956,-2.0624356,-0.44332588,-0.36059806
0.6021344,-0.7297263,1.647148,-1.9431672,1.2796408,-0.2558456
0.8863899,0.10660653,1.1663606,-0.36055693,-1.0718154,1.4473094
-0.041963205,0.29307592,1.3062694,-0.9604378,0.66700834,-0.5183773
-0.13728122,0.0671671,-1.5053337,-0.7839489,1.3459611,0.8810793
-0.061027102,0.24473594,-0.29263002,1.3581958,-0.1987401,0.23345457
1.1603608,-0.76304084,1.5731198,-1.5161308,1.6439728,-0.35834497
-0.29428926,-1.9416007,-0.5063852,-1.091397,-0.65923685,-0.1889015
0.8652524,0.11506412,0.21513742,-1.1880586,-0.97329336,1.7061858
-0.91074485,1.4806645,-0.418605,-0.17325586,0.8948214,1.0963486
-0.18032749,-0.45775798,-0.12543538,0.2684426,0.8217887,-0.06528508
0.6662008,1.6856743,0.42862415,0.35896742,-1.4715962,-2.5834155
0.3180846,-0.16511537,-0.5850738,0.17323905,-0.13069488,1.057489
0.062330164,-0.770704,0.96638554,-0.24091178,0.502756,-0.50119144
-0.60318375,0.13081136,0.05947177,0.5264702,-0.22200264,-1.7897166
-0.38070494,0.8458874,-0.24530712,-0.19431445,1.0384455,-0.6599043
-1.6507565,-0.2685844,-0.59212726,-1.0741996,-0.28333175,0.38355237
0.09041738,0.40668702,1.9131136,-0.24317291,0.37805456,-0.40950745
-0.7336247,-0.47217265,-0.36602357,0.4722108,2.4618108,-0.6033084
-0.5296103,-0.176108,0.28281388,0.15056583,1.1711107,-2.539377
-2.4693136,-0.57826185,1.0149165,-1.6480317,-3.090016,0.4887957
0.3627663,-0.9710993,-0.8664305,-0.85063463,0.22964439,-0.5072062
0.47937855,-2.869312,-0.8715372,-1.1407393,-0.27102605,-0.55273306
0.575866,-2.0813146,-0.17648631,0.33635864,1.6346697,-0.70374376
0.18449044,-1.943831,-2.5319242,0.7048062,-0.14552845,1.0385445
-1.3983397,0.49496514,1.8438809,0.39476863,0.25164452,-0.016380882
-1.6871858,1.2392687,-0.72716194,0.388179,-1.6793386,-1.295764
1.3937451,-0.38864467,1.4119331,-0.119573034,-1.8832401,0.85072523
-0.5866527,0.70192844,0.028450487,-1.5398786,0.16753438,2.199463
0.63921195,0.08870771,1.2215688,0.35689393,0.35575968,-0.94539976
0.20480263,1.0063981,-0.86510754,1.3954505,-0.12075141,-0.9168149
1.1048863,-0.17954007,0.8667691,-0.18450445,0.047428038,0.6008144
0.4337731,-1.8526558,-0.9783677,1.072286,0.010739433,-0.38085526
-1.2151431,-0.9363054,-1.8783677,0.042150248,-0.45500663,-0.82315695
-0.039647963,0.3924461,2.1216733,-1.483408,1.1878564,1.001577
-0.97542167,0.0069070393,-0.6539622,-0.01064033,1.3128021,0.40927735
0.5546909,-0.38422683,-1.4379742,-0.16238573,1.2526907,-1.4810853
-0.9502494,0.23110773,-0.8798148,-0.68768346,-0.3187586,-1.2607774
-0.9822286,0.6953212,-1.3154765,-1.6059788,-0.6381317,0.7238488
-0.022463424,-0.2901227,0.21881719,-1.571249,0.66916406,0.55789346
-0.3233251,1.0919079,-1.0415127,1.2138923,0.24047701,-0.25056922
0.036953703,-0.050437428,1.2771102,-1.0198518,-0.7056919,1.0931302
-0.48689684,1.0091711,1.808074,-0.29315695,0.7900004,-1.0450542
0.7880703,0.23276097,0.50637525,-0.61223507,-1.6277465,0.5365891
-2.3126843,-0.56663156,0.6919008,-0.057383314,1.6990616,0.7758281
-0.7038123,-0.022600515,-0.0972846,-1.6320907,-0.9903128,-0.6106748
-1.9165038,0.16721027,-0.12935504,-1.5531771,0.52392966,0.8355896
0.14627534,-0.40482733,0.51068306,0.59946126,0.22664443,-0.90537137
0.25425354,1.1731335,-0.61897635,2.075592,-0.5479782,0.010059761
-0.7769692,0.1187872,-1.8467053,-0.6505254,-1.1966048,0.03085472
1.1728396,0.8243984,-2.193267,2.2204618,0.4736722,-0.5981069
0.32527715,0.34433907,-0.4986995,0.36606592,-0.43932307,-0.23621275
-0.774666,-1.5210582,0.057449583,0.49691254,0.42649668,0.73153836
0.33907002,-0.5179957,0.85439366,-1.3427876,-0.88594157,-0.9494703
1.0120066,0.8747391,0.41925582,1.0038804,-0.9473322,0.2805457
-0.06367997,0.9083766,-0.053729773,-0.32344842,0.602403,0.9376636
-0.6173769,-0.0101073645,-1.0074724,-2.4470925,0.25142795,0.65987366
0.34323737,-1.8683912,-0.26967886,-2.1371772,1.4508717,-1.004884
1.8629875,3.3974888,4.556925,4.123892,6.603672,8.139203
0.39602527,-0.18928698,-1.4876179,-1.9369274,0.52022487,-0.26801714
-0.6558822,0.59307146,1.0706499,-0.3753371,-0.44339108,0.39735067
3.1723769,5.3364162,3.8945355,6.979991,2.0959907,3.2699418
-0.91757226,0.060577933,0.44143555,1.4574014,-0.5342745,-0.5368815
0.9928732,0.13977812,1.1108527,0.13192917,-1.3139155,-1.4899272
-1.7007585,0.51280564,1.0393506,1.7001159,0.6938591,1.0135924
-0.68014777,-1.2565473,0.7499479,0.3175493,0.00731291,0.28724003
0.23096658,1.1915979,1.2027667,0.45200145,0.75358397,0.42184365
-0.5566315,0.6611029,-1.4899569,0.95842975,-1.2899848,0.19034147
-0.7933321,0.6052109,0.01789667,-1.5429341,0.4725215,-0.5260989
0.83052784,-0.049293216,0.34480208,-1.0081879,-0.6399511,-0.50925756
0.8387511,1.6594256,-0.82312316,1.0588967,-2.187629,-1.2121409
-0.86935514,-1.2630854,-1.4941651,0.5024222,-0.12464442,0.46882868
0.6138404,0.18898474,0.5811309,-0.14616454,-1.2636256,0.98118186
-0.6155667,-0.96205086,-0.20437247,-0.9392655,-0.44388497,0.31759933
0.38491774,-0.8612541,-0.45112938,1.110909,0.5329761,2.1116412
0.98597145,0.9501363,-1.5820253,0.5697036,-0.24726358,-0.7451386
-0.070475206,0.706721,0.26234105,-1.1169643,0.5039684,-0.87607807
0.25129485,-0.26873833,-0.18425453,0.80085474,-1.005582,1.9798068
-1.7718847,-0.54846627,0.41941333,0.6335156,-0.051274292,-0.008189277
0.6169721,-0.024647461,1.5996032,1.0457711,1.0792464,-0.7597347
-0.06357893,-0.28465647,-0.9897919,0.37597367,-0.5218363,0.6712133
-0.98821765,1.8010147,-0.8143587,0.30127633,0.8738333,-0.48866647
3.289941,5.0429425,4.434794,4.583263,4.385789,5.076911
0.838642,-0.55473256,-0.71963495,-0.19181387,-1.1472394,1.8502666
-0.39966887,0.99834245,0.37619576,-0.81780833,0.16077097,0.9507285
-0.4006606,0.98071367,0.80911607,0.70651555,-0.6720561,-1.2922417
-0.572226,0.23760258,0.58714837,-2.13021,0.033248425,0.19945085
-0.063985586,1.5048325,0.6353387,1.5237505,-0.0024018446,1.1510361
1.6632698,1.3398968,-1.0639383,-0.22547266,-0.3169613,0.51745796
0.85141087,-0.6738354,0.2328958,-1.85487,1.6070023,-0.34731692
-0.0070572756,-0.37257093,1.0831064,-2.9004278,-0.07953156,-0.16873997
-0.45684114,1.7230219,-0.8905342,0.7685914,0.35304803,1.2583145
-0.6638366,-0.72961646,1.0994225,0.42867377,-1.5415848,-0.53595257
0.16462353,0.6160051,-0.9009897,-3.1360152,0.30146405,-1.4420798
-2.1341565,-2.9491436,0.6971631,0.011799668,-0.34247416,1.2722065
0.5276372,1.5066124,-1.502423,-0.14423813,-1.726401,-0.33906984
-0.16640925,0.7088202,0.12777048,0.70561373,0.78564674,2.2371354
-0.22808135,-0.8538074,0.33329892,-0.7150647,1.5691761,-0.19600272
-0.5331727,-0.43891206,0.75082105,-0.12534334,-0.6092632,1.6977555
-0.77375954,0.11797636,0.7347164,-1.5489248,0.56267077,-0.97269744
0.8063678,-0.97906595,0.6763541,1.089418,0.8450216,0.2349017
-0.11110778,-0.45622644,1.5912278,-0.579302,-0.9168729,0.7855621
-0.7952579,-0.94918466,-1.4427254,-0.482031,-0.08183619,0.24397057
0.95709264,0.5326843,-0.18508582,-0.19240928,0.5159439,1.2783566
0.09975493,-0.4956901,-1.0194253,-1.4717644,0.6397104,0.5514193
0.6458086,-0.060214393,1.4753798,-0.41567343,1.0237143,0.029702151
-0.6504706,0.55041045,0.36751622,0.31485286,0.039158538,-0.08001296
2.486015,1.2818998,0.82047004,0.2094423,1.1048003,0.6156379
-0.08701016,-0.41677925,-0.19413225,-3.2836406,0.09738592,-0.601691
1.4827783,-0.090547554,-1.2988551,-0.15977179,-1.1560128,0.3635158
0.35969004,1.0265822,-0.7221391,0.10275077,-1.2962792,0.77023745
0.51001674,0.4869506,-0.00723539,0.40591848,1.5954847,-0.29394868
0.09325605,-1.1315155,-0.9136501,0.05242415,1.0585444,-0.30166996
-0.14691076,-0.31787947,-0.4457509,0.38397723,-1.4082518,1.3699454
-0.7261485,0.66117734,-1.3307247,0.60811394,0.61121845,0.32347593
-1.0144486,0.22952807,-1.2030764,-0.27278337,1.009393,0.7766818
0.15510574,-0.83488375,0.7855105,0.15930404,-2.1803927,0.92255265
0.1296814,1.3563654,-0.9413563,-3.0227897,0.4329981,0.44547793
-1.5334319,-0.82125974,2.9124577,-0.1483708,0.8881988,-0.49341998
-2.1185155,-0.19847083,-0.29381713,-0.4280908,-0.14285341,0.2360557
-0.02704666,-1.1409359,0.6092551,-1.8263016,-1.9272871,0.8622508
0.41212502,-0.15229064,-1.4903437,-0.80280626,-0.35764202,-1.6907892
-0.82971895,0.56164,1.3366151,-0.51012504,0.66579807,-2.0047505
0.42440566,-1.038994,0.07230005,-0.482798,1.0853685,-1.1094812
0.7948931,-0.11222064,0.008981339,-0.016567074,-0.6783863,0.15318786
-0.14904621,0.15484226,-0.0018928366,0.71159655,0.83711064,-1.1370213
0.8561193,-1.1989896,0.57520264,0.6070855,-1.9239701,0.08032598
-0.5595285,-0.8497977,1.25982,-0.7447116,-0.8974094,-0.015337493
0.7551063,-0.072132066,1.235887,0.6004922,-2.1086948,-0.45995045
-0.59940547,0.4417976,-2.6623805,2.5114465,0.4934627,0.11131343
1.051086,2.2131724,0.740265,0.8183314,0.00020833426,-0.27200744
-0.43162918,-0.7819457,-0.64284784,-1.3063898,-0.031705197,-1.6405014
8.512301,7.3418036,0.9230171,5.0369062,5.2875237,4.934457
-1.3282831,0.14912751,-0.6917467,-1.0982203,-1.4238126,0.34847614
-0.8920691,0.7571371,0.78309333,1.1632254,-1.0630757,0.2646767
0.4900584,-0.616574,-0.91416776,1.4671248,0.08510007,0.4935719
-0.8042231,-1.2014315,-0.5515969,-0.10616847,-1.046367,0.0080081085
-1.8849587,-1.316501,0.47445765,0.40733692,-0.5883304,-1.2142179
-1.1755182,-0.5213828,0.49640393,0.7801311,-0.6446463,-1.301607
0.26760674,-0.82377183,-0.5184895,1.3250393,0.82687855,0.15773742
-1.3262798,0.15703587,1.0082965,-0.42999434,1.2967533,1.2383845
1.8629365,0.5044468,0.78659534,1.6133909,0.64659756,-0.30203044
-0.26515317,0.42194462,-1.1071718,0.040130742,1.2799368,-2.0078642
1.4476899,1.035582,-0.5465569,0.45659855,-0.08364452,1.1431981
1.0383968,-1.3443569,0.64297616,-0.1499141,0.13854633,-0.6724581
1.8230654,1.1149901,-0.6648429,-1.2596823,-0.31074437,0.5094309
0.18045795,1.1933849,0.73017186,0.90982115,0.26710752,-1.4490466
-0.3452527,0.9105356,-0.20107709,0.35353622,-0.4683025,-1.179366
-0.12457391,0.30781758,-0.6569175,-0.23694108,-0.9406931,1.118015
-0.31174034,1.435471,1.5114633,-0.09833053,-1.0257332,-2.1031826
-1.5156136,-1.4174113,1.3348931,0.07224814,0.3460281,-2.2639976
-1.1537348,0.9313115,0.33100578,-0.10297359,0.60907406,1.6800295
-0.29611543,-0.0057031605,0.11752395,2.3170366,-2.1744292,0.60815006
-0.230002,0.451572,-0.7725723,-0.16416478,0.59621084,2.9977105
0.8189445,-0.8371573,-0.41285136,-0.4425058,-1.784735,-0.3191819
0.7714261,-1.2356352,1.0870796,0.52637184,-0.69563633,-0.102932625
1.4806573,0.6158833,-0.10888084,-0.3553478,-0.041055426,-0.6294281
-2.0119405,2.1349869,0.24813406,0.4909563,0.034901313,-0.6423077
-0.3629726,-1.7764429,2.1000383,-1.41156,-1.2090144,-0.6173073
1.2302643,-0.043302346,-1.2939472,1.196527,0.6731893,0.48062363
0.6899334,2.368561,2.159294,-0.7125162,1.5980842,0.35736734
0.43547344,-1.7558932,-0.23400813,-0.87644595,0.7644365,1.0074581
-2.1309924,-0.078540914,1.0653554,-0.24318501,0.6725576,0.29465944
0.5287677,-0.08420753,-1.0294733,-0.93442273,0.89645994,0.20656571
-0.22360064,-0.5089785,-0.39027724,0.9618234,-0.4203325,-1.4261531
0.9877739,0.039245512,0.27551803,1.8517004,0.22356161,0.5333058
-1.1352108,-0.17595677,0.6532387,-1.511661,0.24455777,0.14450376
0.05049297,1.0463643,0.34364402,1.4872774,-0.984384,0.14513008
0.13209082,-1.0216305,1.003919,2.3722975,0.03061796,0.55264515
0.33751124,-0.46059188,-1.5677675,-0.4527807,-1.1389656,1.9570948
-0.214469,-0.44527864,0.78979456,-1.2211103,-0.86622334,-0.031287033
0.91672724,0.38964322,0.13628335,-0.033924054,0.28819406,0.089611106
-1.105459,-0.029407397,-1.1491753,0.0055959257,-0.5561346,2.4638948
-0.03668007,-1.4010252,-0.1309659,0.52257305,1.6765783,-0.5862381
-1.7550051,0.6442599,-1.5531758,-0.6087325,-0.4301976,-0.24221057
0.6913984,-0.68140036,-0.27149534,-0.012036429,0.15183188,0.100061096
0.6053605,1.0131942,0.56198883,0.62294024,-1.4128685,0.21958241
0.49464828,0.7440819,-0.67721003,-0.64389855,-0.55895996,0.5515546
1.0046126,-0.43672863,0.87869376,0.09421126,-0.15355432,-0.24065278
0.6847953,0.2637618,2.2140095,-0.9140407,0.45628566,-0.59101707
1.4920881,3.0364804,9.001632,9.013111,4.0368886,6.0325193
0.19042745,-2.1572232,-0.17454006,-0.066557996,0.7120171,0.891039
-0.31893,0.034025583,-0.5814813,-0.94342303,0.49453437,-1.088946
-0.22129092,-0.801838,0.74301916,1.9947661,-1.1082519,-1.6596825
-0.099211805,0.041372877,0.24433438,-0.42064542,-0.17496422,0.3931855
1.0392793,-1.9562004,-0.37009093,0.21265729,-0.9191276,1.730018
-0.5323439,0.061773296,0.6590881,-0.48821884,-1.743507,-0.32558855
1.1389204,-0.2274153,-0.73695445,1.0351521,-0.22129506,-0.40068096
0.06885691,0.69015104,2.3011146,0.7466369,1.0792408,-0.5865654
-1.0785235,0.009675835,0.054514404,-1.1311682,-0.22795005,0.34666207
0.22815867,0.3720531,0.15872999,-0.6392434,-0.6461354,-1.331186
1.8256816,0.054356858,-0.18394656,-0.8878856,2.9765644,-1.0324215
-0.36218515,0.48249963,0.6668758,1.0245948,1.8742713,0.5728204
-1.1910233,-0.3919377,0.17283979,1.9332335,-1.532798,1.0675839
0.13439448,0.79231066,-0.14751461,-0.8879525,0.7053529,0.60891116
0.8373316,-0.14803003,-0.73454744,-1.6935123,0.68464786,0.2891641
-1.0556626,-0.6284537,-0.5566388,-1.5728644,-0.9075624,-1.2237103
-0.35737732,-0.6835958,-1.5719031,2.0776918,1.3076425,-0.7239177
0.19907318,0.3441169,1.1177377,-0.89195323,1.0187587,-0.62125355
-1.365945,0.69405395,1.2606758,2.5578263,-1.2298079,0.66883713
-0.5725324,0.6206275,-1.6332207,-1.425501,-0.93860596,-0.08376712
-0.6223822,0.6777534,1.0455936,0.6182766,1.6374867,0.43452564
-1.221324,1.3589492,-0.60958356,0.9059912,1.5693069,0.45226067
-1.5690547,-0.9911081,1.2498486,-0.24201861,0.0066776094,0.68592846
5.6607876,1.9620358,6.783528,4.2753954,8.540147,0.92240506
-0.23927051,1.1001418,-0.11100463,-0.83363265,-0.74094117,-0.9607113
-0.35389683,1.1522374,-0.886582,0.106988944,-0.73817617,-0.34179586
-1.6576675,-0.36816448,-0.34133163,0.39266172,0.075654656,-1.3460184
1.2647557,0.39086047,0.37895095,0.1713751,-0.33720005,0.39835978
0.41226116,-1.810223,-0.6020881,-0.31827426,0.19284333,1.1299837
-0.78141683,-0.50763786,-0.5222101,-0.81120366,-0.35686252,0.76112616
-0.9527515,0.52889836,-1.6008183,-0.46025404,-0.22840531,1.7759436
0.07810322,-1.8483379,-1.6459833,0.3869351,0.96667635,0.72836137
0.043121453,1.0378109,-0.66403985,0.7704619,-1.7564635,-1.0293964
-1.7620587,-0.22986259,-0.0012784961,0.15908422,0.10686608,-0.8825706
-0.26099607,-1.5682019,1.2924737,-0.3743813,-0.55964136,1.5181851
-1.2961255,-1.1794661,-1.1500994,-0.121750414,0.3777526,0.68579644
2.499974,-2.3214538,0.5367144,-0.62915176,-0.65843636,-0.6917933
-1.0213351,1.5719594,0.7297318,-0.08936952,1.2384503,-1.6250945
-1.3348343,-2.182097,-0.70354366,0.15756938,0.09872945,0.14521277
6.1189837,4.198703,7.2227936,1.3874475,2.3850887,6.7343907
-1.0930845,-0.3026425,0.62904567,0.18577437,-0.7568592,0.100953914
-1.526035,1.1557677,-0.19978373,1.1240503,-0.5210314,-0.51807564
-0.7219433,0.9184174,-0.6671877,0.6868389,-0.3402089,-1.9337199
-0.6169329,-1.2257271,-0.012716138,-1.2370266,0.8793562,-0.13769472
-0.21431638,0.61917174,0.92718655,-0.056819145,-0.8079207,-1.81069
-0.6572934,-0.58845586,0.13581385,-0.3163905,0.71668935,-0.5842269
-0.17344624,1.0675825,0.22542015,-0.17644261,-0.7183495,-0.7496365
-0.88641226,-0.5768059,0.7198668,-0.25768733,-1.3855721,1.7323703
0.23400383,-1.4929048,-0.5278103,0.024925029,1.6186308,-1.1940738
0.8869838,1.3104296,-0.7177112,-0.3665705,-1.1253661,-0.29251802
-0.2475738,0.44866621,0.8791997,-0.95907986,-2.178309,-0.2322286
0.42747018,0.38335034,-0.19274057,0.25868475,1.6493775,0.51566684
-0.4420223,-0.5688517,-0.23850624,1.5680861,-0.2519546,-0.08844822
-0.36597598,1.2153211,2.0761747,0.5669507,0.19911051,0.15312044
-2.2774277,0.8520301,0.24104565,0.5352213,-0.60458297,-0.27757764
-0.53962487,0.8930231,-0.5073598,1.9540604,0.30226246,-1.4042827
-0.23738742,-0.7605162,-2.3032236,1.4906298,0.5943014,0.42436618
0.42145395,-1.1259673,-0.22756684,1.0978311,-0.7951698,-2.275719
-0.052013412,0.033335045,0.310656,0.90361124,0.81269836,0.43386242
1.1923795,-1.5221217,0.50143,0.6233865,-1.2427142,-1.5060225
-0.72020483,-0.6358042,0.77915674,-0.5888015,-0.8306112,-0.58589643
1.0555477,-0.050041266,-0.24233568,-0.17309014,1.2289758,-0.8122564
1.3587435,0.25373155,-0.1171841,2.5441358,-1.0124042,-0.3104505
-1.3041495,0.88074374,1.6174707,1.5982046,1.1522305,-0.26933867
-0.5684764,-1.8744051,1.8326383,0.2657427,-0.6951923,1.1248215
-1.10492,0.27446645,-0.30478472,0.5065215,-0.19572912,-1.5830834
0.07768565,1.0509734,-0.02710713,0.7772244,-1.0434202,-0.024151519
-0.7376172,0.6338741,-0.08161516,0.57696694,0.97460365,0.57851183
0.26639068,-1.00494,-0.009513857,-0.53981817,-0.35079172,-0.38126191
-1.0873917,-2.0648048,-0.77560914,0.085913345,-1.4556432,-0.09178387
1.822033,0.9448211,1.5653061,0.3128925,1.0892744,-0.80220014
-0.55902374,-2.6538239,1.271462,1.6256405,-0.4678607,-0.16863517
-0.7291141,0.40740162,1.1496806,-1.7180239,0.43418658,-0.2519237
0.11242795,0.45802757,-0.18916889,-0.1045533,-0.21484162,0.9693498
0.50665635,0.30847993,-1.1830554,-0.29068333,0.9865656,0.12559298
0.7075923,1.8145727,1.086667,0.1412192,-0.46292832,-2.5054886
-0.023728596,-0.18135616,0.5350225,-0.009248898,-0.17572874,-1.6347426
-0.98595375,0.4306651,1.6699216,-0.14351131,0.28182513,0.90649223
3.9205735,7.2765336,10.563274,7.1317425,3.6382225,4.921986
-0.91270953,0.57692146,1.954602,-1.1380227,-0.46986994,0.10149654
0.74350816,-0.60244435,-2.8759284,1.3162915,0.71760803,-1.7858456
-0.5110918,1.6646595,1.5442735,1.035117,-0.07963544,0.17946441
-0.0009270671,1.2582384,-0.74584365,-0.6758009,1.1402732,0.08563728
1.4744978,-0.57548165,0.04125216,-0.82638246,0.1033932,-1.3825165
-0.66705257,-1.6156731,0.5145041,0.5371702,-1.9096819,1.1544666
2.6057296,0.15432091,-0.5327997,2.932645,-1.210654,0.128421
-0.0042295847,1.1612958,0.17588711,-0.68248576,-1.1350362,-0.5256737
-0.9171156,0.13763705,-0.47438443,-1.4042261,1.3449575,-0.4078608
-1.3049153,-0.20503758,0.03159311,-1.7832452,0.2948692,-1.083936
1.7812822,0.59421384,-0.32964665,-0.6749145,-0.034714375,0.6830441
-0.15873896,-0.35040364,-0.07487454,-0.73710376,-0.47645077,-2.2190373
1.090843,0.41591454,-0.6563391,2.0158517,0.20413324,-0.9190268
0.71023995,0.25155073,0.2480825,-0.57225305,0.30399823,-0.4082558
0.489096,-1.97179,-0.50071895,1.6553096,-0.8339129,-0.6706838
-0.5477708,-1.3146155,-2.3080902,-0.33039585,0.036049966,-0.15231453
-0.32030705,-0.13238761,0.84741294,-0.36587468,-0.74951106,-0.45655397
0.58879954,1.4214796,-0.61869097,0.10838655,0.3478102,-0.98312527
0.20102608,-1.2850649,-1.5884415,0.5473553,-0.20326583,0.3828893
0.24879554,-0.7097096,0.22143622,-0.96641076,1.6576629,-1.0892799
-0.1860697,-1.032556,0.5801367,-0.32171577,-0.5089512,0.8629171
0.14109872,0.6283125,-0.8696578,-1.2931489,0.2188761,-0.20717822
0.64964414,-0.05669899,0.2282848,-1.6001731,1.9116464,-0.14103252
0.74747527,-0.7862034,0.3578982,-1.2529564,0.50195616,-0.30608577
-0.005024362,0.6637592,-1.2667552,-0.7187066,0.4231094,2.0640066
-0.11857465,0.6106438,-0.08746378,1.9617532,-1.7277141,0.11412874
-1.5717962,-2.4528236,0.3512099,0.19324568,-0.23108907,-0.052446216
3.0404534,-0.3160211,0.4522784,-0.7072108,0.23738658,-0.29607964
-0.41826794,1.8111491,1.1694355,0.12899722,-2.3119612,-0.36875865
2.6971846,-0.23650467,1.0973746,1.4360994,0.21312091,-0.8476646
-2.3526719,0.76680356,-0.7321156,0.2587908,-1.1671801,-0.1825972
-0.072884165,0.16199036,-1.2214254,1.0903077,-0.703498,-1.7810727
-0.114177644,0.02922109,0.1554352,1.3569782,-0.24160306,-0.124773845
-0.9119838,1.011754,0.37550962,-0.2288272,-1.7134742,1.6356127
4.5143356,1.6757419,2.1211376,8.636918,4.0826044,3.242697
0.8559149,-0.4102683,3.0621881,-0.85943717,-0.7865331,-0.43047506
0.24557784,-0.46776015,0.6147754,-0.9761452,-1.3791485,-1.7957716
-2.1914744,-0.48596928,-0.26888055,-0.5993372,1.2755055,1.2601299
-0.23457937,-1.6936975,-0.46648148,-0.49959776,-0.55691135,-0.5974953
-0.49743733,-0.23051605,-0.47951552,0.36434805,0.51639426,-0.75461954
1.0759051,-1.1752226,-1.8129609,0.18561779,-1.0125685,0.12613119
-2.5352128,1.2609118,0.5407493,-1.6320207,-1.6103213,1.5407218
-0.6064355,-0.7032404,-2.1351075,-0.21983378,-0.09677521,0.8464375
-1.4267673,-1.5479758,0.42327368,0.97904116,-1.5988413,1.0538251
-0.029630238,1.0246333,-0.13739243,-2.58945,-0.21913946,0.9929718
-1.019162,-0.51338106,-0.30154958,-3.02493,1.5459316,-1.0267917
0.4502338,-0.14220281,1.2021173,0.35055447,-0.29042596,-0.9490168
0.6576138,-2.0136783,0.5056535,-1.2392818,1.1120467,0.021062613
0.8532332,0.29109824,-1.5432677,-0.65161973,0.88149875,0.37576526
1.1787462,0.40103096,-0.96894544,-0.7983077,0.10067378,-2.3162875
1.6676469,0.43595168,1.2212396,-1.586399,1.2387701,2.225704
-1.2620708,0.8302095,0.059917614,-1.4856262,0.55169165,0.8924109
-0.50489205,1.2621511,-1.5705289,-1.3985215,0.23283191,0.12161979
-0.62198466,0.90418327,0.62548316,0.9527279,-0.028547622,0.69716907
-0.33828813,2.161181,-0.70518357,2.2126596,0.14225014,-1.2681488
1.3049947,0.06281683,0.78803957,1.1607714,0.27487102,-0.6553254
0.94592667,-0.029031172,0.6560711,-2.1835172,0.41719505,-0.6683725
1.7302128,0.6999905,0.31676093,0.56321317,-0.9215377,1.7001599
1.9386315,0.34017462,1.5376647,-0.6218871,-0.84985244,-0.011814156
0.43443036,-0.39449733,0.5372575,0.30587882,-0.99881744,0.51828235
0.90340465,0.21134569,1.1925244,-1.1775274,0.5078268,-1.1304044
